Workbook
Name list: #REF!

Sheet Bendra įskaita
C1: Oficialus TRItono klubo reitingas
A3: Nr. | B3: +/- | C3: Dalyvis | D3: 2024 05 17 PANEVĖŽYS | E3: 2025 06 01 KAIŠIADORYS | F3: 2026 06 14 VEISIEJAI | G3: 2026 06 20 GDANSKAS | H3: 2026 06 28 TRAKAI | I3: 2026 07 19 JONAVA | J3: 2027 08 01 PANEVĖŽYS | K3: 2026 08 16 SKAUDVILĖ | L3: 2026 08 23 MOLĖTAI | M3: 2026 09 05 DRUSKININKAI | N3: Varžybų skaičius | O3: Visų taškų suma | P3: Taškų vidurkis | Q3: 3 geriausių rezultatų suma | R3: 2025 Vieta | S3: 2025 Varžybų | T3: 2024 Vieta | U3: 2024 Varžybų
A4: 1 | B4: =Table_1[[#This Row],[2025 Vieta]]-A4 -> 0 | C4: Mantas Jablonskis | D4: {=IFERROR(INDEX(Panevezys!P:P,MATCH(C4,Panevezys!E:E,0),0),"")} -> 900 | E4: {=IFERROR(INDEX(Kaisiadorys!Q:Q,MATCH(C4,Kaisiadorys!E:E,0),0),"")} | F4: {=IFERROR(INDEX(Veisiejai!Q:Q,MATCH(C4,Veisiejai!E:E,0),0),"")} -> 969 | G4: {=IFERROR(INDEX(Gdanskas!P:P,MATCH(C4,Gdanskas!C:C,0),0),"")} | H4: {=IFERROR(INDEX(Trakai!R:R,MATCH(C4,Trakai!E:E,0),0),"")} -> 1000 | I4: {=IFERROR(INDEX(Jonava!Q:Q,MATCH(C4,Jonava!E:E,0),0),"")} -> 1000 | J4: {=IFERROR(INDEX(Panevezys2!R:R,MATCH(C4,Panevezys2!E:E,0),0),"")} -> 1100 | K4: =IFERROR(INDEX(Skaudvile!Q:Q,MATCH(C4,Skaudvile!E:E,0),0),"") -> 1000 | L4: =IFERROR(INDEX(Moletai!Q:Q,MATCH(C4,Moletai!E:E,0),0),"") -> 1000 | N4: =COUNTIF(D4:M4,">0") -> 7 | O4: =SUM(D4:M4) -> 6969 | P4: =O4/N4 -> 995.57143 | Q4: {=IFERROR(SUMPRODUCT(LARGE(D4:M4,{1;2;3})),"0")} -> 3100 | R4: =IFERROR(INDEX('Bendra įskaita (2025)'!A:A,MATCH(C4,'Bendra įskaita (2025)'!B:B,0),0),"") -> 1 | S4: =IFERROR(INDEX('Bendra įskaita (2025)'!K:K,MATCH(C4,'Bendra įskaita (2025)'!B:B,0),0),"") -> 5 | T4: =IFERROR(INDEX('Bendra įskaita (2024)'!A:A,MATCH(C4,'Bendra įskaita (2024)'!B:B,0),0),"") -> 1 | U4: =IFERROR(INDEX('Bendra įskaita (2024)'!L:L,MATCH(C4,'Bendra įskaita (2024)'!B:B,0),0),"") -> 8
A5: 2 | B5: NEW | C5: Radoslav Lajevski | D5: {=IFERROR(INDEX(Panevezys!P:P,MATCH(C5,Panevezys!E:E,0),0),"")} | E5: {=IFERROR(INDEX(Kaisiadorys!Q:Q,MATCH(C5,Kaisiadorys!E:E,0),0),"")} -> 963 | F5: {=IFERROR(INDEX(Veisiejai!Q:Q,MATCH(C5,Veisiejai!E:E,0),0),"")} | G5: {=IFERROR(INDEX(Gdanskas!P:P,MATCH(C5,Gdanskas!C:C,0),0),"")} | H5: {=IFERROR(INDEX(Trakai!R:R,MATCH(C5,Trakai!E:E,0),0),"")} -> 956 | I5: {=IFERROR(INDEX(Jonava!Q:Q,MATCH(C5,Jonava!E:E,0),0),"")} -> 935 | J5: {=IFERROR(INDEX(Panevezys2!R:R,MATCH(C5,Panevezys2!E:E,0),0),"")} -> 1072 | K5: =IFERROR(INDEX(Skaudvile!Q:Q,MATCH(C5,Skaudvile!E:E,0),0),"") | L5: =IFERROR(INDEX(Moletai!Q:Q,MATCH(C5,Moletai!E:E,0),0),"") | N5: =COUNTIF(D5:M5,">0") -> 4 | O5: =SUM(D5:M5) -> 3926 | P5: =O5/N5 -> 981.5 | Q5: {=IFERROR(SUMPRODUCT(LARGE(D5:M5,{1;2;3})),"0")} -> 2991 | R5: =IFERROR(INDEX('Bendra įskaita (2025)'!A:A,MATCH(C5,'Bendra įskaita (2025)'!B:B,0),0),"") | S5: =IFERROR(INDEX('Bendra įskaita (2025)'!K:K,MATCH(C5,'Bendra įskaita (2025)'!B:B,0),0),"") | T5: =IFERROR(INDEX('Bendra įskaita (2024)'!A:A,MATCH(C5,'Bendra įskaita (2024)'!B:B,0),0),"") | U5: =IFERROR(INDEX('Bendra įskaita (2024)'!L:L,MATCH(C5,'Bendra įskaita (2024)'!B:B,0),0),"")
A6: 3 | B6: =Table_1[[#This Row],[2025 Vieta]]-A6 -> 0 | C6: Airidas Gražinskis | D6: {=IFERROR(INDEX(Panevezys!P:P,MATCH(C6,Panevezys!E:E,0),0),"")} | E6: {=IFERROR(INDEX(Kaisiadorys!Q:Q,MATCH(C6,Kaisiadorys!E:E,0),0),"")} -> 931 | F6: {=IFERROR(INDEX(Veisiejai!Q:Q,MATCH(C6,Veisiejai!E:E,0),0),"")} | G6: {=IFERROR(INDEX(Gdanskas!P:P,MATCH(C6,Gdanskas!C:C,0),0),"")} -> 999 | H6: {=IFERROR(INDEX(Trakai!R:R,MATCH(C6,Trakai!E:E,0),0),"")} -> 948 | I6: {=IFERROR(INDEX(Jonava!Q:Q,MATCH(C6,Jonava!E:E,0),0),"")} -> 927 | J6: {=IFERROR(INDEX(Panevezys2!R:R,MATCH(C6,Panevezys2!E:E,0),0),"")} -> 1033 | K6: =IFERROR(INDEX(Skaudvile!Q:Q,MATCH(C6,Skaudvile!E:E,0),0),"") | L6: =IFERROR(INDEX(Moletai!Q:Q,MATCH(C6,Moletai!E:E,0),0),"") | N6: =COUNTIF(D6:M6,">0") -> 5 | O6: =SUM(D6:M6) -> 4838 | P6: =O6/N6 -> 967.6 | Q6: {=IFERROR(SUMPRODUCT(LARGE(D6:M6,{1;2;3})),"0")} -> 2980 | R6: =IFERROR(INDEX('Bendra įskaita (2025)'!A:A,MATCH(C6,'Bendra įskaita (2025)'!B:B,0),0),"") -> 3 | S6: =IFERROR(INDEX('Bendra įskaita (2025)'!K:K,MATCH(C6,'Bendra įskaita (2025)'!B:B,0),0),"") -> 3 | T6: =IFERROR(INDEX('Bendra įskaita (2024)'!A:A,MATCH(C6,'Bendra įskaita (2024)'!B:B,0),0),"") -> 2 | U6: =IFERROR(INDEX('Bendra įskaita (2024)'!L:L,MATCH(C6,'Bendra įskaita (2024)'!B:B,0),0),"") -> 8
A7: 4 | B7: =Table_1[[#This Row],[2025 Vieta]]-A7 -> 6 | C7: Lukas Matulaitis | D7: {=IFERROR(INDEX(Panevezys!P:P,MATCH(C7,Panevezys!E:E,0),0),"")} -> 793 | E7: {=IFERROR(INDEX(Kaisiadorys!Q:Q,MATCH(C7,Kaisiadorys!E:E,0),0),"")} | F7: {=IFERROR(INDEX(Veisiejai!Q:Q,MATCH(C7,Veisiejai!E:E,0),0),"")} | G7: {=IFERROR(INDEX(Gdanskas!P:P,MATCH(C7,Gdanskas!C:C,0),0),"")} -> 950 | H7: {=IFERROR(INDEX(Trakai!R:R,MATCH(C7,Trakai!E:E,0),0),"")} -> 901 | I7: {=IFERROR(INDEX(Jonava!Q:Q,MATCH(C7,Jonava!E:E,0),0),"")} | J7: {=IFERROR(INDEX(Panevezys2!R:R,MATCH(C7,Panevezys2!E:E,0),0),"")} -> 973 | K7: =IFERROR(INDEX(Skaudvile!Q:Q,MATCH(C7,Skaudvile!E:E,0),0),"") | L7: =IFERROR(INDEX(Moletai!Q:Q,MATCH(C7,Moletai!E:E,0),0),"") -> 878 | N7: =COUNTIF(D7:M7,">0") -> 5 | O7: =SUM(D7:M7) -> 4495 | P7: =O7/N7 -> 899 | Q7: {=IFERROR(SUMPRODUCT(LARGE(D7:M7,{1;2;3})),"0")} -> 2824 | R7: =IFERROR(INDEX('Bendra įskaita (2025)'!A:A,MATCH(C7,'Bendra įskaita (2025)'!B:B,0),0),"") -> 10 | S7: =IFERROR(INDEX('Bendra įskaita (2025)'!K:K,MATCH(C7,'Bendra įskaita (2025)'!B:B,0),0),"") -> 3 | T7: =IFERROR(INDEX('Bendra įskaita (2024)'!A:A,MATCH(C7,'Bendra įskaita (2024)'!B:B,0),0),"") -> 8 | U7: =IFERROR(INDEX('Bendra įskaita (2024)'!L:L,MATCH(C7,'Bendra įskaita (2024)'!B:B,0),0),"") -> 3
A8: 5 | B8: =Table_1[[#This Row],[2025 Vieta]]-A8 -> 18 | C8: Mantas Kukenys | D8: {=IFERROR(INDEX(Panevezys!P:P,MATCH(C8,Panevezys!E:E,0),0),"")} | E8: {=IFERROR(INDEX(Kaisiadorys!Q:Q,MATCH(C8,Kaisiadorys!E:E,0),0),"")} -> 873 | F8: {=IFERROR(INDEX(Veisiejai!Q:Q,MATCH(C8,Veisiejai!E:E,0),0),"")} | G8: {=IFERROR(INDEX(Gdanskas!P:P,MATCH(C8,Gdanskas!C:C,0),0),"")} -> 920 | H8: {=IFERROR(INDEX(Trakai!R:R,MATCH(C8,Trakai!E:E,0),0),"")} -> 833 | I8: {=IFERROR(INDEX(Jonava!Q:Q,MATCH(C8,Jonava!E:E,0),0),"")} -> 868 | J8: {=IFERROR(INDEX(Panevezys2!R:R,MATCH(C8,Panevezys2!E:E,0),0),"")} -> 906 | K8: =IFERROR(INDEX(Skaudvile!Q:Q,MATCH(C8,Skaudvile!E:E,0),0),"") | L8: =IFERROR(INDEX(Moletai!Q:Q,MATCH(C8,Moletai!E:E,0),0),"") -> 857 | N8: =COUNTIF(D8:M8,">0") -> 6 | O8: =SUM(D8:M8) -> 5257 | P8: =O8/N8 -> 876.16667 | Q8: {=IFERROR(SUMPRODUCT(LARGE(D8:M8,{1;2;3})),"0")} -> 2699 | R8: =IFERROR(INDEX('Bendra įskaita (2025)'!A:A,MATCH(C8,'Bendra įskaita (2025)'!B:B,0),0),"") -> 23 | S8: =IFERROR(INDEX('Bendra įskaita (2025)'!K:K,MATCH(C8,'Bendra įskaita (2025)'!B:B,0),0),"") -> 2 | T8: =IFERROR(INDEX('Bendra įskaita (2024)'!A:A,MATCH(C8,'Bendra įskaita (2024)'!B:B,0),0),"") -> 7 | U8: =IFERROR(INDEX('Bendra įskaita (2024)'!L:L,MATCH(C8,'Bendra įskaita (2024)'!B:B,0),0),"") -> 4
A9: 6 | B9: =Table_1[[#This Row],[2025 Vieta]]-A9 -> 5 | C9: Darius Borisas | D9: {=IFERROR(INDEX(Panevezys!P:P,MATCH(C9,Panevezys!E:E,0),0),"")} -> 756 | E9: {=IFERROR(INDEX(Kaisiadorys!Q:Q,MATCH(C9,Kaisiadorys!E:E,0),0),"")} -> 801 | F9: {=IFERROR(INDEX(Veisiejai!Q:Q,MATCH(C9,Veisiejai!E:E,0),0),"")} | G9: {=IFERROR(INDEX(Gdanskas!P:P,MATCH(C9,Gdanskas!C:C,0),0),"")} -> 873 | H9: {=IFERROR(INDEX(Trakai!R:R,MATCH(C9,Trakai!E:E,0),0),"")} | I9: {=IFERROR(INDEX(Jonava!Q:Q,MATCH(C9,Jonava!E:E,0),0),"")} -> 809 | J9: {=IFERROR(INDEX(Panevezys2!R:R,MATCH(C9,Panevezys2!E:E,0),0),"")} -> 927 | K9: =IFERROR(INDEX(Skaudvile!Q:Q,MATCH(C9,Skaudvile!E:E,0),0),"") -> 840 | L9: =IFERROR(INDEX(Moletai!Q:Q,MATCH(C9,Moletai!E:E,0),0),"") -> 844 | N9: =COUNTIF(D9:M9,">0") -> 7 | O9: =SUM(D9:M9) -> 5850 | P9: =O9/N9 -> 835.71429 | Q9: {=IFERROR(SUMPRODUCT(LARGE(D9:M9,{1;2;3})),"0")} -> 2644 | R9: =IFERROR(INDEX('Bendra įskaita (2025)'!A:A,MATCH(C9,'Bendra įskaita (2025)'!B:B,0),0),"") -> 11 | S9: =IFERROR(INDEX('Bendra įskaita (2025)'!K:K,MATCH(C9,'Bendra įskaita (2025)'!B:B,0),0),"") -> 4 | T9: =IFERROR(INDEX('Bendra įskaita (2024)'!A:A,MATCH(C9,'Bendra įskaita (2024)'!B:B,0),0),"") -> 17 | U9: =IFERROR(INDEX('Bendra įskaita (2024)'!L:L,MATCH(C9,'Bendra įskaita (2024)'!B:B,0),0),"") -> 4
A10: 7 | B10: =Table_1[[#This Row],[2025 Vieta]]-A10 -> 5 | C10: Vaidas Velutis | D10: {=IFERROR(INDEX(Panevezys!P:P,MATCH(C10,Panevezys!E:E,0),0),"")} | E10: {=IFERROR(INDEX(Kaisiadorys!Q:Q,MATCH(C10,Kaisiadorys!E:E,0),0),"")} -> 837 | F10: {=IFERROR(INDEX(Veisiejai!Q:Q,MATCH(C10,Veisiejai!E:E,0),0),"")} -> 804 | G10: {=IFERROR(INDEX(Gdanskas!P:P,MATCH(C10,Gdanskas!C:C,0),0),"")} -> 883 | H10: {=IFERROR(INDEX(Trakai!R:R,MATCH(C10,Trakai!E:E,0),0),"")} | I10: {=IFERROR(INDEX(Jonava!Q:Q,MATCH(C10,Jonava!E:E,0),0),"")} | J10: {=IFERROR(INDEX(Panevezys2!R:R,MATCH(C10,Panevezys2!E:E,0),0),"")} -> 923 | K10: =IFERROR(INDEX(Skaudvile!Q:Q,MATCH(C10,Skaudvile!E:E,0),0),"") | L10: =IFERROR(INDEX(Moletai!Q:Q,MATCH(C10,Moletai!E:E,0),0),"") | N10: =COUNTIF(D10:M10,">0") -> 4 | O10: =SUM(D10:M10) -> 3447 | P10: =O10/N10 -> 861.75 | Q10: {=IFERROR(SUMPRODUCT(LARGE(D10:M10,{1;2;3})),"0")} -> 2643 | R10: =IFERROR(INDEX('Bendra įskaita (2025)'!A:A,MATCH(C10,'Bendra įskaita (2025)'!B:B,0),0),"") -> 12 | S10: =IFERROR(INDEX('Bendra įskaita (2025)'!K:K,MATCH(C10,'Bendra įskaita (2025)'!B:B,0),0),"") -> 3 | T10: =IFERROR(INDEX('Bendra įskaita (2024)'!A:A,MATCH(C10,'Bendra įskaita (2024)'!B:B,0),0),"") -> 35 | U10: =IFERROR(INDEX('Bendra įskaita (2024)'!L:L,MATCH(C10,'Bendra įskaita (2024)'!B:B,0),0),"") -> 1
A11: 8 | B11: =Table_1[[#This Row],[2025 Vieta]]-A11 -> -3 | C11: Mantas Marcinkevičius | D11: {=IFERROR(INDEX(Panevezys!P:P,MATCH(C11,Panevezys!E:E,0),0),"")} -> 828 | E11: {=IFERROR(INDEX(Kaisiadorys!Q:Q,MATCH(C11,Kaisiadorys!E:E,0),0),"")} | F11: {=IFERROR(INDEX(Veisiejai!Q:Q,MATCH(C11,Veisiejai!E:E,0),0),"")} -> 863 | G11: {=IFERROR(INDEX(Gdanskas!P:P,MATCH(C11,Gdanskas!C:C,0),0),"")} -> 922 | H11: {=IFERROR(INDEX(Trakai!R:R,MATCH(C11,Trakai!E:E,0),0),"")} -> 846 | I11: {=IFERROR(INDEX(Jonava!Q:Q,MATCH(C11,Jonava!E:E,0),0),"")} -> 853 | J11: {=IFERROR(INDEX(Panevezys2!R:R,MATCH(C11,Panevezys2!E:E,0),0),"")} | K11: =IFERROR(INDEX(Skaudvile!Q:Q,MATCH(C11,Skaudvile!E:E,0),0),"") | L11: =IFERROR(INDEX(Moletai!Q:Q,MATCH(C11,Moletai!E:E,0),0),"") -> 851 | N11: =COUNTIF(D11:M11,">0") -> 6 | O11: =SUM(D11:M11) -> 5163 | P11: =O11/N11 -> 860.5 | Q11: {=IFERROR(SUMPRODUCT(LARGE(D11:M11,{1;2;3})),"0")} -> 2638 | R11: =IFERROR(INDEX('Bendra įskaita (2025)'!A:A,MATCH(C11,'Bendra įskaita (2025)'!B:B,0),0),"") -> 5 | S11: =IFERROR(INDEX('Bendra įskaita (2025)'!K:K,MATCH(C11,'Bendra įskaita (2025)'!B:B,0),0),"") -> 4 | T11: =IFERROR(INDEX('Bendra įskaita (2024)'!A:A,MATCH(C11,'Bendra įskaita (2024)'!B:B,0),0),"") -> 10 | U11: =IFERROR(INDEX('Bendra įskaita (2024)'!L:L,MATCH(C11,'Bendra įskaita (2024)'!B:B,0),0),"") -> 4
A12: 9 | B12: =Table_1[[#This Row],[2025 Vieta]]-A12 -> -1 | C12: Arvydas Sereičikas | D12: {=IFERROR(INDEX(Panevezys!P:P,MATCH(C12,Panevezys!E:E,0),0),"")} -> 758 | E12: {=IFERROR(INDEX(Kaisiadorys!Q:Q,MATCH(C12,Kaisiadorys!E:E,0),0),"")} -> 836 | F12: {=IFERROR(INDEX(Veisiejai!Q:Q,MATCH(C12,Veisiejai!E:E,0),0),"")} -> 837 | G12: {=IFERROR(INDEX(Gdanskas!P:P,MATCH(C12,Gdanskas!C:C,0),0),"")} | H12: {=IFERROR(INDEX(Trakai!R:R,MATCH(C12,Trakai!E:E,0),0),"")} -> 829 | I12: {=IFERROR(INDEX(Jonava!Q:Q,MATCH(C12,Jonava!E:E,0),0),"")} -> 814 | J12: {=IFERROR(INDEX(Panevezys2!R:R,MATCH(C12,Panevezys2!E:E,0),0),"")} -> 913 | K12: =IFERROR(INDEX(Skaudvile!Q:Q,MATCH(C12,Skaudvile!E:E,0),0),"") | L12: =IFERROR(INDEX(Moletai!Q:Q,MATCH(C12,Moletai!E:E,0),0),"") | N12: =COUNTIF(D12:M12,">0") -> 6 | O12: =SUM(D12:M12) -> 4987 | P12: =O12/N12 -> 831.16667 | Q12: {=IFERROR(SUMPRODUCT(LARGE(D12:M12,{1;2;3})),"0")} -> 2586 | R12: =IFERROR(INDEX('Bendra įskaita (2025)'!A:A,MATCH(C12,'Bendra įskaita (2025)'!B:B,0),0),"") -> 8 | S12: =IFERROR(INDEX('Bendra įskaita (2025)'!K:K,MATCH(C12,'Bendra įskaita (2025)'!B:B,0),0),"") -> 5 | T12: =IFERROR(INDEX('Bendra įskaita (2024)'!A:A,MATCH(C12,'Bendra įskaita (2024)'!B:B,0),0),"") | U12: =IFERROR(INDEX('Bendra įskaita (2024)'!L:L,MATCH(C12,'Bendra įskaita (2024)'!B:B,0),0),"")
A13: 10 | B13: =Table_1[[#This Row],[2025 Vieta]]-A13 -> -8 | C13: Arvydas Gervelė | D13: {=IFERROR(INDEX(Panevezys!P:P,MATCH(C13,Panevezys!E:E,0),0),"")} | E13: {=IFERROR(INDEX(Kaisiadorys!Q:Q,MATCH(C13,Kaisiadorys!E:E,0),0),"")} -> 862 | F13: {=IFERROR(INDEX(Veisiejai!Q:Q,MATCH(C13,Veisiejai!E:E,0),0),"")} -> 859 | G13: {=IFERROR(INDEX(Gdanskas!P:P,MATCH(C13,Gdanskas!C:C,0),0),"")} | H13: {=IFERROR(INDEX(Trakai!R:R,MATCH(C13,Trakai!E:E,0),0),"")} | I13: {=IFERROR(INDEX(Jonava!Q:Q,MATCH(C13,Jonava!E:E,0),0),"")} -> 848 | J13: {=IFERROR(INDEX(Panevezys2!R:R,MATCH(C13,Panevezys2!E:E,0),0),"")} | K13: =IFERROR(INDEX(Skaudvile!Q:Q,MATCH(C13,Skaudvile!E:E,0),0),"") | L13: =IFERROR(INDEX(Moletai!Q:Q,MATCH(C13,Moletai!E:E,0),0),"") -> 844 | N13: =COUNTIF(D13:M13,">0") -> 4 | O13: =SUM(D13:M13) -> 3413 | P13: =O13/N13 -> 853.25 | Q13: {=IFERROR(SUMPRODUCT(LARGE(D13:M13,{1;2;3})),"0")} -> 2569 | R13: =IFERROR(INDEX('Bendra įskaita (2025)'!A:A,MATCH(C13,'Bendra įskaita (2025)'!B:B,0),0),"") -> 2 | S13: =IFERROR(INDEX('Bendra įskaita (2025)'!K:K,MATCH(C13,'Bendra įskaita (2025)'!B:B,0),0),"") -> 4 | T13: =IFERROR(INDEX('Bendra įskaita (2024)'!A:A,MATCH(C13,'Bendra įskaita (2024)'!B:B,0),0),"") -> 31 | U13: =IFERROR(INDEX('Bendra įskaita (2024)'!L:L,MATCH(C13,'Bendra įskaita (2024)'!B:B,0),0),"") -> 1
A14: 11 | B14: =Table_1[[#This Row],[2025 Vieta]]-A14 -> -7 | C14: Raimondas Gincas | D14: {=IFERROR(INDEX(Panevezys!P:P,MATCH(C14,Panevezys!E:E,0),0),"")} | E14: {=IFERROR(INDEX(Kaisiadorys!Q:Q,MATCH(C14,Kaisiadorys!E:E,0),0),"")} -> 850 | F14: {=IFERROR(INDEX(Veisiejai!Q:Q,MATCH(C14,Veisiejai!E:E,0),0),"")} -> 864 | G14: {=IFERROR(INDEX(Gdanskas!P:P,MATCH(C14,Gdanskas!C:C,0),0),"")} | H14: {=IFERROR(INDEX(Trakai!R:R,MATCH(C14,Trakai!E:E,0),0),"")} -> 809 | I14: {=IFERROR(INDEX(Jonava!Q:Q,MATCH(C14,Jonava!E:E,0),0),"")} -> 854 | J14: {=IFERROR(INDEX(Panevezys2!R:R,MATCH(C14,Panevezys2!E:E,0),0),"")} | K14: =IFERROR(INDEX(Skaudvile!Q:Q,MATCH(C14,Skaudvile!E:E,0),0),"") | L14: =IFERROR(INDEX(Moletai!Q:Q,MATCH(C14,Moletai!E:E,0),0),"") | N14: =COUNTIF(D14:M14,">0") -> 4 | O14: =SUM(D14:M14) -> 3377 | P14: =O14/N14 -> 844.25 | Q14: {=IFERROR(SUMPRODUCT(LARGE(D14:M14,{1;2;3})),"0")} -> 2568 | R14: =IFERROR(INDEX('Bendra įskaita (2025)'!A:A,MATCH(C14,'Bendra įskaita (2025)'!B:B,0),0),"") -> 4 | S14: =IFERROR(INDEX('Bendra įskaita (2025)'!K:K,MATCH(C14,'Bendra įskaita (2025)'!B:B,0),0),"") -> 6 | T14: =IFERROR(INDEX('Bendra įskaita (2024)'!A:A,MATCH(C14,'Bendra įskaita (2024)'!B:B,0),0),"") -> 12 | U14: =IFERROR(INDEX('Bendra įskaita (2024)'!L:L,MATCH(C14,'Bendra įskaita (2024)'!B:B,0),0),"") -> 5
A15: 12 | B15: =Table_1[[#This Row],[2025 Vieta]]-A15 -> 1 | C15: Saulius Kerza | D15: {=IFERROR(INDEX(Panevezys!P:P,MATCH(C15,Panevezys!E:E,0),0),"")} -> 742 | E15: {=IFERROR(INDEX(Kaisiadorys!Q:Q,MATCH(C15,Kaisiadorys!E:E,0),0),"")} -> 828 | F15: {=IFERROR(INDEX(Veisiejai!Q:Q,MATCH(C15,Veisiejai!E:E,0),0),"")} -> 813 | G15: {=IFERROR(INDEX(Gdanskas!P:P,MATCH(C15,Gdanskas!C:C,0),0),"")} -> 829 | H15: {=IFERROR(INDEX(Trakai!R:R,MATCH(C15,Trakai!E:E,0),0),"")} | I15: {=IFERROR(INDEX(Jonava!Q:Q,MATCH(C15,Jonava!E:E,0),0),"")} -> 810 | J15: {=IFERROR(INDEX(Panevezys2!R:R,MATCH(C15,Panevezys2!E:E,0),0),"")} -> 878 | K15: =IFERROR(INDEX(Skaudvile!Q:Q,MATCH(C15,Skaudvile!E:E,0),0),"") | L15: =IFERROR(INDEX(Moletai!Q:Q,MATCH(C15,Moletai!E:E,0),0),"") -> 818 | N15: =COUNTIF(D15:M15,">0") -> 7 | O15: =SUM(D15:M15) -> 5718 | P15: =O15/N15 -> 816.85714 | Q15: {=IFERROR(SUMPRODUCT(LARGE(D15:M15,{1;2;3})),"0")} -> 2535 | R15: =IFERROR(INDEX('Bendra įskaita (2025)'!A:A,MATCH(C15,'Bendra įskaita (2025)'!B:B,0),0),"") -> 13 | S15: =IFERROR(INDEX('Bendra įskaita (2025)'!K:K,MATCH(C15,'Bendra įskaita (2025)'!B:B,0),0),"") -> 3 | T15: =IFERROR(INDEX('Bendra įskaita (2024)'!A:A,MATCH(C15,'Bendra įskaita (2024)'!B:B,0),0),"") -> 15 | U15: =IFERROR(INDEX('Bendra įskaita (2024)'!L:L,MATCH(C15,'Bendra įskaita (2024)'!B:B,0),0),"") -> 5
A16: 13 | B16: =Table_1[[#This Row],[2025 Vieta]]-A16 -> -4 | C16: Arūnas Maciulevičius | D16: {=IFERROR(INDEX(Panevezys!P:P,MATCH(C16,Panevezys!E:E,0),0),"")} -> 700 | E16: {=IFERROR(INDEX(Kaisiadorys!Q:Q,MATCH(C16,Kaisiadorys!E:E,0),0),"")} -> 763 | F16: {=IFERROR(INDEX(Veisiejai!Q:Q,MATCH(C16,Veisiejai!E:E,0),0),"")} -> 745 | G16: {=IFERROR(INDEX(Gdanskas!P:P,MATCH(C16,Gdanskas!C:C,0),0),"")} -> 786 | H16: {=IFERROR(INDEX(Trakai!R:R,MATCH(C16,Trakai!E:E,0),0),"")} -> 797 | I16: {=IFERROR(INDEX(Jonava!Q:Q,MATCH(C16,Jonava!E:E,0),0),"")} -> 771 | J16: {=IFERROR(INDEX(Panevezys2!R:R,MATCH(C16,Panevezys2!E:E,0),0),"")} -> 843 | K16: =IFERROR(INDEX(Skaudvile!Q:Q,MATCH(C16,Skaudvile!E:E,0),0),"") -> 770 | L16: =IFERROR(INDEX(Moletai!Q:Q,MATCH(C16,Moletai!E:E,0),0),"") | N16: =COUNTIF(D16:M16,">0") -> 8 | O16: =SUM(D16:M16) -> 6175 | P16: =O16/N16 -> 771.875 | Q16: {=IFERROR(SUMPRODUCT(LARGE(D16:M16,{1;2;3})),"0")} -> 2426 | R16: =IFERROR(INDEX('Bendra įskaita (2025)'!A:A,MATCH(C16,'Bendra įskaita (2025)'!B:B,0),0),"") -> 9 | S16: =IFERROR(INDEX('Bendra įskaita (2025)'!K:K,MATCH(C16,'Bendra įskaita (2025)'!B:B,0),0),"") -> 8 | T16: =IFERROR(INDEX('Bendra įskaita (2024)'!A:A,MATCH(C16,'Bendra įskaita (2024)'!B:B,0),0),"") -> 14 | U16: =IFERROR(INDEX('Bendra įskaita (2024)'!L:L,MATCH(C16,'Bendra įskaita (2024)'!B:B,0),0),"") -> 6
A17: 14 | B17: =Table_1[[#This Row],[2025 Vieta]]-A17 -> 12 | C17: Juozas Karmaza | D17: {=IFERROR(INDEX(Panevezys!P:P,MATCH(C17,Panevezys!E:E,0),0),"")} | E17: {=IFERROR(INDEX(Kaisiadorys!Q:Q,MATCH(C17,Kaisiadorys!E:E,0),0),"")} -> 780 | F17: {=IFERROR(INDEX(Veisiejai!Q:Q,MATCH(C17,Veisiejai!E:E,0),0),"")} -> 784 | G17: {=IFERROR(INDEX(Gdanskas!P:P,MATCH(C17,Gdanskas!C:C,0),0),"")} | H17: {=IFERROR(INDEX(Trakai!R:R,MATCH(C17,Trakai!E:E,0),0),"")} -> 825 | I17: {=IFERROR(INDEX(Jonava!Q:Q,MATCH(C17,Jonava!E:E,0),0),"")} | J17: {=IFERROR(INDEX(Panevezys2!R:R,MATCH(C17,Panevezys2!E:E,0),0),"")} | K17: =IFERROR(INDEX(Skaudvile!Q:Q,MATCH(C17,Skaudvile!E:E,0),0),"") | L17: =IFERROR(INDEX(Moletai!Q:Q,MATCH(C17,Moletai!E:E,0),0),"") | N17: =COUNTIF(D17:M17,">0") -> 3 | O17: =SUM(D17:M17) -> 2389 | P17: =O17/N17 -> 796.33333 | Q17: {=IFERROR(SUMPRODUCT(LARGE(D17:M17,{1;2;3})),"0")} -> 2389 | R17: =IFERROR(INDEX('Bendra įskaita (2025)'!A:A,MATCH(C17,'Bendra įskaita (2025)'!B:B,0),0),"") -> 26 | S17: =IFERROR(INDEX('Bendra įskaita (2025)'!K:K,MATCH(C17,'Bendra įskaita (2025)'!B:B,0),0),"") -> 2 | T17: =IFERROR(INDEX('Bendra įskaita (2024)'!A:A,MATCH(C17,'Bendra įskaita (2024)'!B:B,0),0),"") | U17: =IFERROR(INDEX('Bendra įskaita (2024)'!L:L,MATCH(C17,'Bendra įskaita (2024)'!B:B,0),0),"")
... A21: 18 | B21: =Table_1[[#This Row],[2025 Vieta]]-A21 -> 2 | C21: Jūratė Keinytė | D21: {=IFERROR(INDEX(Panevezys!P:P,MATCH(C21,Panevezys!E:E,0),0),"")} | E21: {=IFERROR(INDEX(Kaisiadorys!Q:Q,MATCH(C21,Kaisiadorys!E:E,0),0),"")} -> 689 | F21: {=IFERROR(INDEX(Veisiejai!Q:Q,MATCH(C21,Veisiejai!E:E,0),0),"")} -> 687 | G21: {=IFERROR(INDEX(Gdanskas!P:P,MATCH(C21,Gdanskas!C:C,0),0),"")} -> 744 | H21: {=IFERROR(INDEX(Trakai!R:R,MATCH(C21,Trakai!E:E,0),0),"")} | I21: {=IFERROR(INDEX(Jonava!Q:Q,MATCH(C21,Jonava!E:E,0),0),"")} -> 688 | J21: {=IFERROR(INDEX(Panevezys2!R:R,MATCH(C21,Panevezys2!E:E,0),0),"")} | K21: =IFERROR(INDEX(Skaudvile!Q:Q,MATCH(C21,Skaudvile!E:E,0),0),"") | L21: =IFERROR(INDEX(Moletai!Q:Q,MATCH(C21,Moletai!E:E,0),0),"") -> 701 | N21: =COUNTIF(D21:M21,">0") -> 5 | O21: =SUM(D21:M21) -> 3509 | P21: =O21/N21 -> 701.8 | Q21: {=IFERROR(SUMPRODUCT(LARGE(D21:M21,{1;2;3})),"0")} -> 2134 | R21: =IFERROR(INDEX('Bendra įskaita (2025)'!A:A,MATCH(C21,'Bendra įskaita (2025)'!B:B,0),0),"") -> 20 | S21: =IFERROR(INDEX('Bendra įskaita (2025)'!K:K,MATCH(C21,'Bendra įskaita (2025)'!B:B,0),0),"") -> 3 | T21: =IFERROR(INDEX('Bendra įskaita (2024)'!A:A,MATCH(C21,'Bendra įskaita (2024)'!B:B,0),0),"") | U21: =IFERROR(INDEX('Bendra įskaita (2024)'!L:L,MATCH(C21,'Bendra įskaita (2024)'!B:B,0),0),"")
A22: 19 | B22: NEW | C22: Ruslanas Kryžanauskas | D22: {=IFERROR(INDEX(Panevezys!P:P,MATCH(C22,Panevezys!E:E,0),0),"")} | E22: {=IFERROR(INDEX(Kaisiadorys!Q:Q,MATCH(C22,Kaisiadorys!E:E,0),0),"")} | F22: {=IFERROR(INDEX(Veisiejai!Q:Q,MATCH(C22,Veisiejai!E:E,0),0),"")} | G22: {=IFERROR(INDEX(Gdanskas!P:P,MATCH(C22,Gdanskas!C:C,0),0),"")} | H22: {=IFERROR(INDEX(Trakai!R:R,MATCH(C22,Trakai!E:E,0),0),"")} -> 655 | I22: {=IFERROR(INDEX(Jonava!Q:Q,MATCH(C22,Jonava!E:E,0),0),"")} -> 718 | J22: {=IFERROR(INDEX(Panevezys2!R:R,MATCH(C22,Panevezys2!E:E,0),0),"")} | K22: =IFERROR(INDEX(Skaudvile!Q:Q,MATCH(C22,Skaudvile!E:E,0),0),"") | L22: =IFERROR(INDEX(Moletai!Q:Q,MATCH(C22,Moletai!E:E,0),0),"") -> 724 | N22: =COUNTIF(D22:M22,">0") -> 3 | O22: =SUM(D22:M22) -> 2097 | P22: =O22/N22 -> 699 | Q22: {=IFERROR(SUMPRODUCT(LARGE(D22:M22,{1;2;3})),"0")} -> 2097 | R22: =IFERROR(INDEX('Bendra įskaita (2025)'!A:A,MATCH(C22,'Bendra įskaita (2025)'!B:B,0),0),"") | S22: =IFERROR(INDEX('Bendra įskaita (2025)'!K:K,MATCH(C22,'Bendra įskaita (2025)'!B:B,0),0),"") | T22: =IFERROR(INDEX('Bendra įskaita (2024)'!A:A,MATCH(C22,'Bendra įskaita (2024)'!B:B,0),0),"") | U22: =IFERROR(INDEX('Bendra įskaita (2024)'!L:L,MATCH(C22,'Bendra įskaita (2024)'!B:B,0),0),"")
A23: 20 | B23: =Table_1[[#This Row],[2025 Vieta]]-A23 -> 25 | C23: Rytis Vasiliauskas | D23: {=IFERROR(INDEX(Panevezys!P:P,MATCH(C23,Panevezys!E:E,0),0),"")} -> 653 | E23: {=IFERROR(INDEX(Kaisiadorys!Q:Q,MATCH(C23,Kaisiadorys!E:E,0),0),"")} | F23: {=IFERROR(INDEX(Veisiejai!Q:Q,MATCH(C23,Veisiejai!E:E,0),0),"")} -> 687 | G23: {=IFERROR(INDEX(Gdanskas!P:P,MATCH(C23,Gdanskas!C:C,0),0),"")} | H23: {=IFERROR(INDEX(Trakai!R:R,MATCH(C23,Trakai!E:E,0),0),"")} | I23: {=IFERROR(INDEX(Jonava!Q:Q,MATCH(C23,Jonava!E:E,0),0),"")} | J23: {=IFERROR(INDEX(Panevezys2!R:R,MATCH(C23,Panevezys2!E:E,0),0),"")} | K23: =IFERROR(INDEX(Skaudvile!Q:Q,MATCH(C23,Skaudvile!E:E,0),0),"") -> 677 | L23: =IFERROR(INDEX(Moletai!Q:Q,MATCH(C23,Moletai!E:E,0),0),"") -> 713 | N23: =COUNTIF(D23:M23,">0") -> 4 | O23: =SUM(D23:M23) -> 2730 | P23: =O23/N23 -> 682.5 | Q23: {=IFERROR(SUMPRODUCT(LARGE(D23:M23,{1;2;3})),"0")} -> 2077 | R23: =IFERROR(INDEX('Bendra įskaita (2025)'!A:A,MATCH(C23,'Bendra įskaita (2025)'!B:B,0),0),"") -> 45 | S23: =IFERROR(INDEX('Bendra įskaita (2025)'!K:K,MATCH(C23,'Bendra įskaita (2025)'!B:B,0),0),"") -> 1 | T23: =IFERROR(INDEX('Bendra įskaita (2024)'!A:A,MATCH(C23,'Bendra įskaita (2024)'!B:B,0),0),"") -> 19 | U23: =IFERROR(INDEX('Bendra įskaita (2024)'!L:L,MATCH(C23,'Bendra įskaita (2024)'!B:B,0),0),"") -> 3
A24: 21 | B24: =Table_1[[#This Row],[2025 Vieta]]-A24 -> 25 | C24: Eglė Čiužaitė | D24: {=IFERROR(INDEX(Panevezys!P:P,MATCH(C24,Panevezys!E:E,0),0),"")} | E24: {=IFERROR(INDEX(Kaisiadorys!Q:Q,MATCH(C24,Kaisiadorys!E:E,0),0),"")} | F24: {=IFERROR(INDEX(Veisiejai!Q:Q,MATCH(C24,Veisiejai!E:E,0),0),"")} -> 643 | G24: {=IFERROR(INDEX(Gdanskas!P:P,MATCH(C24,Gdanskas!C:C,0),0),"")} | H24: {=IFERROR(INDEX(Trakai!R:R,MATCH(C24,Trakai!E:E,0),0),"")} | I24: {=IFERROR(INDEX(Jonava!Q:Q,MATCH(C24,Jonava!E:E,0),0),"")} -> 654 | J24: {=IFERROR(INDEX(Panevezys2!R:R,MATCH(C24,Panevezys2!E:E,0),0),"")} -> 755 | K24: =IFERROR(INDEX(Skaudvile!Q:Q,MATCH(C24,Skaudvile!E:E,0),0),"") | L24: =IFERROR(INDEX(Moletai!Q:Q,MATCH(C24,Moletai!E:E,0),0),"") | N24: =COUNTIF(D24:M24,">0") -> 3 | O24: =SUM(D24:M24) -> 2052 | P24: =O24/N24 -> 684 | Q24: {=IFERROR(SUMPRODUCT(LARGE(D24:M24,{1;2;3})),"0")} -> 2052 | R24: =IFERROR(INDEX('Bendra įskaita (2025)'!A:A,MATCH(C24,'Bendra įskaita (2025)'!B:B,0),0),"") -> 46 | S24: =IFERROR(INDEX('Bendra įskaita (2025)'!K:K,MATCH(C24,'Bendra įskaita (2025)'!B:B,0),0),"") -> 1 | T24: =IFERROR(INDEX('Bendra įskaita (2024)'!A:A,MATCH(C24,'Bendra įskaita (2024)'!B:B,0),0),"") -> 20 | U24: =IFERROR(INDEX('Bendra įskaita (2024)'!L:L,MATCH(C24,'Bendra įskaita (2024)'!B:B,0),0),"") -> 3
A25: 22 | B25: =Table_1[[#This Row],[2025 Vieta]]-A25 -> -4 | C25: Dainius Lučkauskas | D25: {=IFERROR(INDEX(Panevezys!P:P,MATCH(C25,Panevezys!E:E,0),0),"")} -> 645 | E25: {=IFERROR(INDEX(Kaisiadorys!Q:Q,MATCH(C25,Kaisiadorys!E:E,0),0),"")} -> 651 | F25: {=IFERROR(INDEX(Veisiejai!Q:Q,MATCH(C25,Veisiejai!E:E,0),0),"")} | G25: {=IFERROR(INDEX(Gdanskas!P:P,MATCH(C25,Gdanskas!C:C,0),0),"")} | H25: {=IFERROR(INDEX(Trakai!R:R,MATCH(C25,Trakai!E:E,0),0),"")} -> 680 | I25: {=IFERROR(INDEX(Jonava!Q:Q,MATCH(C25,Jonava!E:E,0),0),"")} -> 702 | J25: {=IFERROR(INDEX(Panevezys2!R:R,MATCH(C25,Panevezys2!E:E,0),0),"")} | K25: =IFERROR(INDEX(Skaudvile!Q:Q,MATCH(C25,Skaudvile!E:E,0),0),"") | L25: =IFERROR(INDEX(Moletai!Q:Q,MATCH(C25,Moletai!E:E,0),0),"") | N25: =COUNTIF(D25:M25,">0") -> 4 | O25: =SUM(D25:M25) -> 2678 | P25: =O25/N25 -> 669.5 | Q25: {=IFERROR(SUMPRODUCT(LARGE(D25:M25,{1;2;3})),"0")} -> 2033 | R25: =IFERROR(INDEX('Bendra įskaita (2025)'!A:A,MATCH(C25,'Bendra įskaita (2025)'!B:B,0),0),"") -> 18 | S25: =IFERROR(INDEX('Bendra įskaita (2025)'!K:K,MATCH(C25,'Bendra įskaita (2025)'!B:B,0),0),"") -> 3 | T25: =IFERROR(INDEX('Bendra įskaita (2024)'!A:A,MATCH(C25,'Bendra įskaita (2024)'!B:B,0),0),"") -> 22 | U25: =IFERROR(INDEX('Bendra įskaita (2024)'!L:L,MATCH(C25,'Bendra įskaita (2024)'!B:B,0),0),"") -> 2
A26: 23 | B26: =Table_1[[#This Row],[2025 Vieta]]-A26 -> 24 | C26: Giedrius Danėlius | D26: {=IFERROR(INDEX(Panevezys!P:P,MATCH(C26,Panevezys!E:E,0),0),"")} -> 659 | E26: {=IFERROR(INDEX(Kaisiadorys!Q:Q,MATCH(C26,Kaisiadorys!E:E,0),0),"")} | F26: {=IFERROR(INDEX(Veisiejai!Q:Q,MATCH(C26,Veisiejai!E:E,0),0),"")} -> 645 | G26: {=IFERROR(INDEX(Gdanskas!P:P,MATCH(C26,Gdanskas!C:C,0),0),"")} | H26: {=IFERROR(INDEX(Trakai!R:R,MATCH(C26,Trakai!E:E,0),0),"")} | I26: {=IFERROR(INDEX(Jonava!Q:Q,MATCH(C26,Jonava!E:E,0),0),"")} -> 695 | J26: {=IFERROR(INDEX(Panevezys2!R:R,MATCH(C26,Panevezys2!E:E,0),0),"")} | K26: =IFERROR(INDEX(Skaudvile!Q:Q,MATCH(C26,Skaudvile!E:E,0),0),"") | L26: =IFERROR(INDEX(Moletai!Q:Q,MATCH(C26,Moletai!E:E,0),0),"") -> 0 | N26: =COUNTIF(D26:M26,">0") -> 3 | O26: =SUM(D26:M26) -> 1999 | P26: =O26/N26 -> 666.33333 | Q26: {=IFERROR(SUMPRODUCT(LARGE(D26:M26,{1;2;3})),"0")} -> 1999 | R26: =IFERROR(INDEX('Bendra įskaita (2025)'!A:A,MATCH(C26,'Bendra įskaita (2025)'!B:B,0),0),"") -> 47 | S26: =IFERROR(INDEX('Bendra įskaita (2025)'!K:K,MATCH(C26,'Bendra įskaita (2025)'!B:B,0),0),"") -> 1 | T26: =IFERROR(INDEX('Bendra įskaita (2024)'!A:A,MATCH(C26,'Bendra įskaita (2024)'!B:B,0),0),"") -> 64 | U26: =IFERROR(INDEX('Bendra įskaita (2024)'!L:L,MATCH(C26,'Bendra įskaita (2024)'!B:B,0),0),"") -> 0
A27: 24 | B27: =Table_1[[#This Row],[2025 Vieta]]-A27 -> 27 | C27: Liudmila Volbikienė | D27: {=IFERROR(INDEX(Panevezys!P:P,MATCH(C27,Panevezys!E:E,0),0),"")} -> 630 | E27: {=IFERROR(INDEX(Kaisiadorys!Q:Q,MATCH(C27,Kaisiadorys!E:E,0),0),"")} | F27: {=IFERROR(INDEX(Veisiejai!Q:Q,MATCH(C27,Veisiejai!E:E,0),0),"")} | G27: {=IFERROR(INDEX(Gdanskas!P:P,MATCH(C27,Gdanskas!C:C,0),0),"")} -> 683 | H27: {=IFERROR(INDEX(Trakai!R:R,MATCH(C27,Trakai!E:E,0),0),"")} | I27: {=IFERROR(INDEX(Jonava!Q:Q,MATCH(C27,Jonava!E:E,0),0),"")} | J27: {=IFERROR(INDEX(Panevezys2!R:R,MATCH(C27,Panevezys2!E:E,0),0),"")} | K27: =IFERROR(INDEX(Skaudvile!Q:Q,MATCH(C27,Skaudvile!E:E,0),0),"") | L27: =IFERROR(INDEX(Moletai!Q:Q,MATCH(C27,Moletai!E:E,0),0),"") -> 665 | N27: =COUNTIF(D27:M27,">0") -> 3 | O27: =SUM(D27:M27) -> 1978 | P27: =O27/N27 -> 659.33333 | Q27: {=IFERROR(SUMPRODUCT(LARGE(D27:M27,{1;2;3})),"0")} -> 1978 | R27: =IFERROR(INDEX('Bendra įskaita (2025)'!A:A,MATCH(C27,'Bendra įskaita (2025)'!B:B,0),0),"") -> 51 | S27: =IFERROR(INDEX('Bendra įskaita (2025)'!K:K,MATCH(C27,'Bendra įskaita (2025)'!B:B,0),0),"") -> 0 | T27: 78 | U27: 0
A28: 25 | B28: =Table_1[[#This Row],[2025 Vieta]]-A27 -> -7 | C28: Austėja Letukienė | D28: {=IFERROR(INDEX(Panevezys!P:P,MATCH(C28,Panevezys!E:E,0),0),"")} | E28: {=IFERROR(INDEX(Kaisiadorys!Q:Q,MATCH(C28,Kaisiadorys!E:E,0),0),"")} | F28: {=IFERROR(INDEX(Veisiejai!Q:Q,MATCH(C28,Veisiejai!E:E,0),0),"")} | G28: {=IFERROR(INDEX(Gdanskas!P:P,MATCH(C28,Gdanskas!C:C,0),0),"")} | H28: {=IFERROR(INDEX(Trakai!R:R,MATCH(C28,Trakai!E:E,0),0),"")} -> 619 | I28: {=IFERROR(INDEX(Jonava!Q:Q,MATCH(C28,Jonava!E:E,0),0),"")} -> 695 | J28: {=IFERROR(INDEX(Panevezys2!R:R,MATCH(C28,Panevezys2!E:E,0),0),"")} | K28: =IFERROR(INDEX(Skaudvile!Q:Q,MATCH(C28,Skaudvile!E:E,0),0),"") -> 652 | L28: =IFERROR(INDEX(Moletai!Q:Q,MATCH(C28,Moletai!E:E,0),0),"") | N28: =COUNTIF(D28:M28,">0") -> 3 | O28: =SUM(D28:M28) -> 1966 | P28: =O28/N28 -> 655.33333 | Q28: {=IFERROR(SUMPRODUCT(LARGE(D28:M28,{1;2;3})),"0")} -> 1966 | R28: =IFERROR(INDEX('Bendra įskaita (2025)'!A:A,MATCH(C28,'Bendra įskaita (2025)'!B:B,0),0),"") -> 17 | S28: =IFERROR(INDEX('Bendra įskaita (2025)'!K:K,MATCH(C28,'Bendra įskaita (2025)'!B:B,0),0),"") -> 5 | T28: =IFERROR(INDEX('Bendra įskaita (2024)'!A:A,MATCH(C28,'Bendra įskaita (2024)'!B:B,0),0),"") | U28: =IFERROR(INDEX('Bendra įskaita (2024)'!L:L,MATCH(C28,'Bendra įskaita (2024)'!B:B,0),0),"")
A29: 26 | B29: =Table_1[[#This Row],[2025 Vieta]]-A28 -> 26 | C29: Gabrielė Gruslienė | D29: {=IFERROR(INDEX(Panevezys!P:P,MATCH(C29,Panevezys!E:E,0),0),"")} | E29: {=IFERROR(INDEX(Kaisiadorys!Q:Q,MATCH(C29,Kaisiadorys!E:E,0),0),"")} | F29: {=IFERROR(INDEX(Veisiejai!Q:Q,MATCH(C29,Veisiejai!E:E,0),0),"")} -> 627 | G29: {=IFERROR(INDEX(Gdanskas!P:P,MATCH(C29,Gdanskas!C:C,0),0),"")} -> 604 | H29: {=IFERROR(INDEX(Trakai!R:R,MATCH(C29,Trakai!E:E,0),0),"")} -> 568 | I29: {=IFERROR(INDEX(Jonava!Q:Q,MATCH(C29,Jonava!E:E,0),0),"")} | J29: {=IFERROR(INDEX(Panevezys2!R:R,MATCH(C29,Panevezys2!E:E,0),0),"")} | K29: =IFERROR(INDEX(Skaudvile!Q:Q,MATCH(C29,Skaudvile!E:E,0),0),"") | L29: =IFERROR(INDEX(Moletai!Q:Q,MATCH(C29,Moletai!E:E,0),0),"") | N29: =COUNTIF(D29:M29,">0") -> 3 | O29: =SUM(D29:M29) -> 1799 | P29: =O29/N29 -> 599.66667 | Q29: {=IFERROR(SUMPRODUCT(LARGE(D29:M29,{1;2;3})),"0")} -> 1799 | R29: =IFERROR(INDEX('Bendra įskaita (2025)'!A:A,MATCH(C29,'Bendra įskaita (2025)'!B:B,0),0),"") -> 51 | S29: =IFERROR(INDEX('Bendra įskaita (2025)'!K:K,MATCH(C29,'Bendra įskaita (2025)'!B:B,0),0),"") -> 0 | T29: =IFERROR(INDEX('Bendra įskaita (2024)'!A:A,MATCH(C29,'Bendra įskaita (2024)'!B:B,0),0),"") -> 48 | U29: =IFERROR(INDEX('Bendra įskaita (2024)'!L:L,MATCH(C29,'Bendra įskaita (2024)'!B:B,0),0),"") -> 1
A30: 27 | B30: =Table_1[[#This Row],[2025 Vieta]]-A29 -> 22 | C30: Aurimas Gudaitis | D30: {=IFERROR(INDEX(Panevezys!P:P,MATCH(C30,Panevezys!E:E,0),0),"")} | E30: {=IFERROR(INDEX(Kaisiadorys!Q:Q,MATCH(C30,Kaisiadorys!E:E,0),0),"")} | F30: {=IFERROR(INDEX(Veisiejai!Q:Q,MATCH(C30,Veisiejai!E:E,0),0),"")} | G30: {=IFERROR(INDEX(Gdanskas!P:P,MATCH(C30,Gdanskas!C:C,0),0),"")} | H30: {=IFERROR(INDEX(Trakai!R:R,MATCH(C30,Trakai!E:E,0),0),"")} | I30: {=IFERROR(INDEX(Jonava!Q:Q,MATCH(C30,Jonava!E:E,0),0),"")} | J30: {=IFERROR(INDEX(Panevezys2!R:R,MATCH(C30,Panevezys2!E:E,0),0),"")} | K30: =IFERROR(INDEX(Skaudvile!Q:Q,MATCH(C30,Skaudvile!E:E,0),0),"") -> 788 | L30: =IFERROR(INDEX(Moletai!Q:Q,MATCH(C30,Moletai!E:E,0),0),"") | N30: =COUNTIF(D30:M30,">0") -> 1 | O30: =SUM(D30:M30) -> 788 | P30: =O30/N30 -> 788 | Q30: {=IFERROR(SUMPRODUCT(LARGE(D30:M30,{1;2;3})),"0")} -> 0 | R30: =IFERROR(INDEX('Bendra įskaita (2025)'!A:A,MATCH(C30,'Bendra įskaita (2025)'!B:B,0),0),"") -> 48 | S30: =IFERROR(INDEX('Bendra įskaita (2025)'!K:K,MATCH(C30,'Bendra įskaita (2025)'!B:B,0),0),"") -> 1 | T30: =IFERROR(INDEX('Bendra įskaita (2024)'!A:A,MATCH(C30,'Bendra įskaita (2024)'!B:B,0),0),"") -> 58 | U30: =IFERROR(INDEX('Bendra įskaita (2024)'!L:L,MATCH(C30,'Bendra įskaita (2024)'!B:B,0),0),"") -> 0
A31: 28 | B31: =Table_1[[#This Row],[2025 Vieta]]-A30 -> 22 | C31: Emilis Urbanavičius | D31: {=IFERROR(INDEX(Panevezys!P:P,MATCH(C31,Panevezys!E:E,0),0),"")} | E31: {=IFERROR(INDEX(Kaisiadorys!Q:Q,MATCH(C31,Kaisiadorys!E:E,0),0),"")} | F31: {=IFERROR(INDEX(Veisiejai!Q:Q,MATCH(C31,Veisiejai!E:E,0),0),"")} | G31: {=IFERROR(INDEX(Gdanskas!P:P,MATCH(C31,Gdanskas!C:C,0),0),"")} | H31: {=IFERROR(INDEX(Trakai!R:R,MATCH(C31,Trakai!E:E,0),0),"")} | I31: {=IFERROR(INDEX(Jonava!Q:Q,MATCH(C31,Jonava!E:E,0),0),"")} | J31: {=IFERROR(INDEX(Panevezys2!R:R,MATCH(C31,Panevezys2!E:E,0),0),"")} | K31: =IFERROR(INDEX(Skaudvile!Q:Q,MATCH(C31,Skaudvile!E:E,0),0),"") | L31: =IFERROR(INDEX(Moletai!Q:Q,MATCH(C31,Moletai!E:E,0),0),"") | N31: 5 | O31: =SUM(D31:M31) -> 0 | P31: 0 | Q31: {=IFERROR(SUMPRODUCT(LARGE(D31:M31,{1;2;3})),"0")} -> 0 | R31: =IFERROR(INDEX('Bendra įskaita (2025)'!A:A,MATCH(C31,'Bendra įskaita (2025)'!B:B,0),0),"") -> 49 | S31: =IFERROR(INDEX('Bendra įskaita (2025)'!K:K,MATCH(C31,'Bendra įskaita (2025)'!B:B,0),0),"") -> 2 | T31: =IFERROR(INDEX('Bendra įskaita (2024)'!A:A,MATCH(C31,'Bendra įskaita (2024)'!B:B,0),0),"") -> 62 | U31: =IFERROR(INDEX('Bendra įskaita (2024)'!L:L,MATCH(C31,'Bendra įskaita (2024)'!B:B,0),0),"") -> 0
A32: 29 | B32: =Table_1[[#This Row],[2025 Vieta]]-A31 -> 0 | C32: Rūta Juškevičiūtė | D32: {=IFERROR(INDEX(Panevezys!P:P,MATCH(C32,Panevezys!E:E,0),0),"")} | E32: {=IFERROR(INDEX(Kaisiadorys!Q:Q,MATCH(C32,Kaisiadorys!E:E,0),0),"")} | F32: {=IFERROR(INDEX(Veisiejai!Q:Q,MATCH(C32,Veisiejai!E:E,0),0),"")} | G32: {=IFERROR(INDEX(Gdanskas!P:P,MATCH(C32,Gdanskas!C:C,0),0),"")} -> 905 | H32: {=IFERROR(INDEX(Trakai!R:R,MATCH(C32,Trakai!E:E,0),0),"")} | I32: {=IFERROR(INDEX(Jonava!Q:Q,MATCH(C32,Jonava!E:E,0),0),"")} | J32: {=IFERROR(INDEX(Panevezys2!R:R,MATCH(C32,Panevezys2!E:E,0),0),"")} | K32: =IFERROR(INDEX(Skaudvile!Q:Q,MATCH(C32,Skaudvile!E:E,0),0),"") | L32: =IFERROR(INDEX(Moletai!Q:Q,MATCH(C32,Moletai!E:E,0),0),"") | N32: =COUNTIF(D32:M32,">0") -> 1 | O32: =SUM(D32:M32) -> 905 | P32: =O32/N32 -> 905 | Q32: {=IFERROR(SUMPRODUCT(LARGE(D32:M32,{1;2;3})),"0")} -> 0 | R32: =IFERROR(INDEX('Bendra įskaita (2025)'!A:A,MATCH(C32,'Bendra įskaita (2025)'!B:B,0),0),"") -> 28 | S32: =IFERROR(INDEX('Bendra įskaita (2025)'!K:K,MATCH(C32,'Bendra įskaita (2025)'!B:B,0),0),"") -> 1 | T32: =IFERROR(INDEX('Bendra įskaita (2024)'!A:A,MATCH(C32,'Bendra įskaita (2024)'!B:B,0),0),"") -> 6 | U32: =IFERROR(INDEX('Bendra įskaita (2024)'!L:L,MATCH(C32,'Bendra įskaita (2024)'!B:B,0),0),"") -> 3
A33: 30 | B33: =Table_1[[#This Row],[2025 Vieta]]-A32 -> 22 | C33: Ernestas Česonis | D33: {=IFERROR(INDEX(Panevezys!P:P,MATCH(C33,Panevezys!E:E,0),0),"")} | E33: {=IFERROR(INDEX(Kaisiadorys!Q:Q,MATCH(C33,Kaisiadorys!E:E,0),0),"")} -> 886 | F33: {=IFERROR(INDEX(Veisiejai!Q:Q,MATCH(C33,Veisiejai!E:E,0),0),"")} | G33: {=IFERROR(INDEX(Gdanskas!P:P,MATCH(C33,Gdanskas!C:C,0),0),"")} | H33: {=IFERROR(INDEX(Trakai!R:R,MATCH(C33,Trakai!E:E,0),0),"")} | I33: {=IFERROR(INDEX(Jonava!Q:Q,MATCH(C33,Jonava!E:E,0),0),"")} | J33: {=IFERROR(INDEX(Panevezys2!R:R,MATCH(C33,Panevezys2!E:E,0),0),"")} | K33: =IFERROR(INDEX(Skaudvile!Q:Q,MATCH(C33,Skaudvile!E:E,0),0),"") | L33: =IFERROR(INDEX(Moletai!Q:Q,MATCH(C33,Moletai!E:E,0),0),"") | N33: =COUNTIF(D33:M33,">0") -> 1 | O33: =SUM(D33:M33) -> 886 | P33: =O33/N33 -> 886 | Q33: {=IFERROR(SUMPRODUCT(LARGE(D33:M33,{1;2;3})),"0")} -> 0 | R33: =IFERROR(INDEX('Bendra įskaita (2025)'!A:A,MATCH(C33,'Bendra įskaita (2025)'!B:B,0),0),"") -> 51 | S33: =IFERROR(INDEX('Bendra įskaita (2025)'!K:K,MATCH(C33,'Bendra įskaita (2025)'!B:B,0),0),"") -> 0 | T33: =IFERROR(INDEX('Bendra įskaita (2024)'!A:A,MATCH(C33,'Bendra įskaita (2024)'!B:B,0),0),"") -> 30 | U33: =IFERROR(INDEX('Bendra įskaita (2024)'!L:L,MATCH(C33,'Bendra įskaita (2024)'!B:B,0),0),"") -> 1
A34: 31 | B34: =Table_1[[#This Row],[2025 Vieta]]-A33 -> -23 | C34: Aleksej Kaminskij | D34: {=IFERROR(INDEX(Panevezys!P:P,MATCH(C34,Panevezys!E:E,0),0),"")} -> 818 | E34: {=IFERROR(INDEX(Kaisiadorys!Q:Q,MATCH(C34,Kaisiadorys!E:E,0),0),"")} | F34: {=IFERROR(INDEX(Veisiejai!Q:Q,MATCH(C34,Veisiejai!E:E,0),0),"")} | G34: {=IFERROR(INDEX(Gdanskas!P:P,MATCH(C34,Gdanskas!C:C,0),0),"")} -> 952 | H34: {=IFERROR(INDEX(Trakai!R:R,MATCH(C34,Trakai!E:E,0),0),"")} | I34: {=IFERROR(INDEX(Jonava!Q:Q,MATCH(C34,Jonava!E:E,0),0),"")} | J34: {=IFERROR(INDEX(Panevezys2!R:R,MATCH(C34,Panevezys2!E:E,0),0),"")} | K34: =IFERROR(INDEX(Skaudvile!Q:Q,MATCH(C34,Skaudvile!E:E,0),0),"") | L34: =IFERROR(INDEX(Moletai!Q:Q,MATCH(C34,Moletai!E:E,0),0),"") | N34: =COUNTIF(D34:M34,">0") -> 2 | O34: =SUM(D34:M34) -> 1770 | P34: =O34/N34 -> 885 | Q34: {=IFERROR(SUMPRODUCT(LARGE(D34:M34,{1;2;3})),"0")} -> 0 | R34: =IFERROR(INDEX('Bendra įskaita (2025)'!A:A,MATCH(C34,'Bendra įskaita (2025)'!B:B,0),0),"") -> 7 | S34: =IFERROR(INDEX('Bendra įskaita (2025)'!K:K,MATCH(C34,'Bendra įskaita (2025)'!B:B,0),0),"") -> 3 | T34: =IFERROR(INDEX('Bendra įskaita (2024)'!A:A,MATCH(C34,'Bendra įskaita (2024)'!B:B,0),0),"") -> 11 | U34: =IFERROR(INDEX('Bendra įskaita (2024)'!L:L,MATCH(C34,'Bendra įskaita (2024)'!B:B,0),0),"") -> 3
A35: 32 | B35: =Table_1[[#This Row],[2025 Vieta]]-A34 -> -6 | C35: Vytas Vasilevičius | D35: {=IFERROR(INDEX(Panevezys!P:P,MATCH(C35,Panevezys!E:E,0),0),"")} | E35: {=IFERROR(INDEX(Kaisiadorys!Q:Q,MATCH(C35,Kaisiadorys!E:E,0),0),"")} | F35: {=IFERROR(INDEX(Veisiejai!Q:Q,MATCH(C35,Veisiejai!E:E,0),0),"")} | G35: {=IFERROR(INDEX(Gdanskas!P:P,MATCH(C35,Gdanskas!C:C,0),0),"")} | H35: {=IFERROR(INDEX(Trakai!R:R,MATCH(C35,Trakai!E:E,0),0),"")} | I35: {=IFERROR(INDEX(Jonava!Q:Q,MATCH(C35,Jonava!E:E,0),0),"")} | J35: {=IFERROR(INDEX(Panevezys2!R:R,MATCH(C35,Panevezys2!E:E,0),0),"")} | K35: =IFERROR(INDEX(Skaudvile!Q:Q,MATCH(C35,Skaudvile!E:E,0),0),"") | L35: =IFERROR(INDEX(Moletai!Q:Q,MATCH(C35,Moletai!E:E,0),0),"") -> 863 | N35: =COUNTIF(D35:M35,">0") -> 1 | O35: =SUM(D35:M35) -> 863 | P35: =O35/N35 -> 863 | Q35: {=IFERROR(SUMPRODUCT(LARGE(D35:M35,{1;2;3})),"0")} -> 0 | R35: =IFERROR(INDEX('Bendra įskaita (2025)'!A:A,MATCH(C35,'Bendra įskaita (2025)'!B:B,0),0),"") -> 25 | S35: =IFERROR(INDEX('Bendra įskaita (2025)'!K:K,MATCH(C35,'Bendra įskaita (2025)'!B:B,0),0),"") -> 1 | T35: =IFERROR(INDEX('Bendra įskaita (2024)'!A:A,MATCH(C35,'Bendra įskaita (2024)'!B:B,0),0),"") -> 3 | U35: =IFERROR(INDEX('Bendra įskaita (2024)'!L:L,MATCH(C35,'Bendra įskaita (2024)'!B:B,0),0),"") -> 3
A36: 33 | B36: =Table_1[[#This Row],[2025 Vieta]]-A35 -> -26 | C36: Vytautas Vaičiulis | D36: {=IFERROR(INDEX(Panevezys!P:P,MATCH(C36,Panevezys!E:E,0),0),"")} | E36: {=IFERROR(INDEX(Kaisiadorys!Q:Q,MATCH(C36,Kaisiadorys!E:E,0),0),"")} -> 808 | F36: {=IFERROR(INDEX(Veisiejai!Q:Q,MATCH(C36,Veisiejai!E:E,0),0),"")} | G36: {=IFERROR(INDEX(Gdanskas!P:P,MATCH(C36,Gdanskas!C:C,0),0),"")} | H36: {=IFERROR(INDEX(Trakai!R:R,MATCH(C36,Trakai!E:E,0),0),"")} -> 879 | I36: {=IFERROR(INDEX(Jonava!Q:Q,MATCH(C36,Jonava!E:E,0),0),"")} | J36: {=IFERROR(INDEX(Panevezys2!R:R,MATCH(C36,Panevezys2!E:E,0),0),"")} | K36: =IFERROR(INDEX(Skaudvile!Q:Q,MATCH(C36,Skaudvile!E:E,0),0),"") | L36: =IFERROR(INDEX(Moletai!Q:Q,MATCH(C36,Moletai!E:E,0),0),"") | N36: =COUNTIF(D36:M36,">0") -> 2 | O36: =SUM(D36:M36) -> 1687 | P36: =O36/N36 -> 843.5 | Q36: {=IFERROR(SUMPRODUCT(LARGE(D36:M36,{1;2;3})),"0")} -> 0 | R36: =IFERROR(INDEX('Bendra įskaita (2025)'!A:A,MATCH(C36,'Bendra įskaita (2025)'!B:B,0),0),"") -> 6 | S36: =IFERROR(INDEX('Bendra įskaita (2025)'!K:K,MATCH(C36,'Bendra įskaita (2025)'!B:B,0),0),"") -> 3 | T36: =IFERROR(INDEX('Bendra įskaita (2024)'!A:A,MATCH(C36,'Bendra įskaita (2024)'!B:B,0),0),"") -> 9 | U36: =IFERROR(INDEX('Bendra įskaita (2024)'!L:L,MATCH(C36,'Bendra įskaita (2024)'!B:B,0),0),"") -> 5
A37: 34 | B37: =Table_1[[#This Row],[2025 Vieta]]-A36 -> 18 | C37: Irmantas Budrys | D37: {=IFERROR(INDEX(Panevezys!P:P,MATCH(C37,Panevezys!E:E,0),0),"")} | E37: {=IFERROR(INDEX(Kaisiadorys!Q:Q,MATCH(C37,Kaisiadorys!E:E,0),0),"")} | F37: {=IFERROR(INDEX(Veisiejai!Q:Q,MATCH(C37,Veisiejai!E:E,0),0),"")} | G37: {=IFERROR(INDEX(Gdanskas!P:P,MATCH(C37,Gdanskas!C:C,0),0),"")} -> 790 | H37: {=IFERROR(INDEX(Trakai!R:R,MATCH(C37,Trakai!E:E,0),0),"")} | I37: {=IFERROR(INDEX(Jonava!Q:Q,MATCH(C37,Jonava!E:E,0),0),"")} | J37: {=IFERROR(INDEX(Panevezys2!R:R,MATCH(C37,Panevezys2!E:E,0),0),"")} | K37: =IFERROR(INDEX(Skaudvile!Q:Q,MATCH(C37,Skaudvile!E:E,0),0),"") | L37: =IFERROR(INDEX(Moletai!Q:Q,MATCH(C37,Moletai!E:E,0),0),"") | N37: =COUNTIF(D37:M37,">0") -> 1 | O37: =SUM(D37:M37) -> 790 | P37: =O37/N37 -> 790 | Q37: {=IFERROR(SUMPRODUCT(LARGE(D37:M37,{1;2;3})),"0")} -> 0 | R37: =IFERROR(INDEX('Bendra įskaita (2025)'!A:A,MATCH(C37,'Bendra įskaita (2025)'!B:B,0),0),"") -> 51 | S37: =IFERROR(INDEX('Bendra įskaita (2025)'!K:K,MATCH(C37,'Bendra įskaita (2025)'!B:B,0),0),"") -> 0 | T37: =IFERROR(INDEX('Bendra įskaita (2024)'!A:A,MATCH(C37,'Bendra įskaita (2024)'!B:B,0),0),"") -> 38 | U37: =IFERROR(INDEX('Bendra įskaita (2024)'!L:L,MATCH(C37,'Bendra įskaita (2024)'!B:B,0),0),"") -> 1
A38: 35 | B38: =Table_1[[#This Row],[2025 Vieta]]-A37 -> -3 | C38: Nerijus Beniušis | D38: {=IFERROR(INDEX(Panevezys!P:P,MATCH(C38,Panevezys!E:E,0),0),"")} | E38: {=IFERROR(INDEX(Kaisiadorys!Q:Q,MATCH(C38,Kaisiadorys!E:E,0),0),"")} | F38: {=IFERROR(INDEX(Veisiejai!Q:Q,MATCH(C38,Veisiejai!E:E,0),0),"")} | G38: {=IFERROR(INDEX(Gdanskas!P:P,MATCH(C38,Gdanskas!C:C,0),0),"")} | H38: {=IFERROR(INDEX(Trakai!R:R,MATCH(C38,Trakai!E:E,0),0),"")} -> 789 | I38: {=IFERROR(INDEX(Jonava!Q:Q,MATCH(C38,Jonava!E:E,0),0),"")} | J38: {=IFERROR(INDEX(Panevezys2!R:R,MATCH(C38,Panevezys2!E:E,0),0),"")} | K38: =IFERROR(INDEX(Skaudvile!Q:Q,MATCH(C38,Skaudvile!E:E,0),0),"") | L38: =IFERROR(INDEX(Moletai!Q:Q,MATCH(C38,Moletai!E:E,0),0),"") | N38: =COUNTIF(D38:M38,">0") -> 1 | O38: =SUM(D38:M38) -> 789 | P38: =O38/N38 -> 789 | Q38: {=IFERROR(SUMPRODUCT(LARGE(D38:M38,{1;2;3})),"0")} -> 0 | R38: =IFERROR(INDEX('Bendra įskaita (2025)'!A:A,MATCH(C38,'Bendra įskaita (2025)'!B:B,0),0),"") -> 31 | S38: =IFERROR(INDEX('Bendra įskaita (2025)'!K:K,MATCH(C38,'Bendra įskaita (2025)'!B:B,0),0),"") -> 2 | T38: =IFERROR(INDEX('Bendra įskaita (2024)'!A:A,MATCH(C38,'Bendra įskaita (2024)'!B:B,0),0),"") -> 4 | U38: =IFERROR(INDEX('Bendra įskaita (2024)'!L:L,MATCH(C38,'Bendra įskaita (2024)'!B:B,0),0),"") -> 4
A39: 36 | B39: =Table_1[[#This Row],[2025 Vieta]]-A38 -> 1 | C39: Arvydas Čiužas | D39: {=IFERROR(INDEX(Panevezys!P:P,MATCH(C39,Panevezys!E:E,0),0),"")} | E39: {=IFERROR(INDEX(Kaisiadorys!Q:Q,MATCH(C39,Kaisiadorys!E:E,0),0),"")} | F39: {=IFERROR(INDEX(Veisiejai!Q:Q,MATCH(C39,Veisiejai!E:E,0),0),"")} | G39: {=IFERROR(INDEX(Gdanskas!P:P,MATCH(C39,Gdanskas!C:C,0),0),"")} | H39: {=IFERROR(INDEX(Trakai!R:R,MATCH(C39,Trakai!E:E,0),0),"")} -> 781 | I39: {=IFERROR(INDEX(Jonava!Q:Q,MATCH(C39,Jonava!E:E,0),0),"")} | J39: {=IFERROR(INDEX(Panevezys2!R:R,MATCH(C39,Panevezys2!E:E,0),0),"")} | K39: =IFERROR(INDEX(Skaudvile!Q:Q,MATCH(C39,Skaudvile!E:E,0),0),"") | L39: =IFERROR(INDEX(Moletai!Q:Q,MATCH(C39,Moletai!E:E,0),0),"") | N39: =COUNTIF(D39:M39,">0") -> 1 | O39: =SUM(D39:M39) -> 781 | P39: =O39/N39 -> 781 | Q39: {=IFERROR(SUMPRODUCT(LARGE(D39:M39,{1;2;3})),"0")} -> 0 | R39: =IFERROR(INDEX('Bendra įskaita (2025)'!A:A,MATCH(C39,'Bendra įskaita (2025)'!B:B,0),0),"") -> 36 | S39: =IFERROR(INDEX('Bendra įskaita (2025)'!K:K,MATCH(C39,'Bendra įskaita (2025)'!B:B,0),0),"") -> 1 | T39: =IFERROR(INDEX('Bendra įskaita (2024)'!A:A,MATCH(C39,'Bendra įskaita (2024)'!B:B,0),0),"") -> 56 | U39: =IFERROR(INDEX('Bendra įskaita (2024)'!L:L,MATCH(C39,'Bendra įskaita (2024)'!B:B,0),0),"") -> 0
A40: 37 | B40: NEW | C40: Valdemaras Sivickij | D40: {=IFERROR(INDEX(Panevezys!P:P,MATCH(C40,Panevezys!E:E,0),0),"")} | E40: {=IFERROR(INDEX(Kaisiadorys!Q:Q,MATCH(C40,Kaisiadorys!E:E,0),0),"")} | F40: {=IFERROR(INDEX(Veisiejai!Q:Q,MATCH(C40,Veisiejai!E:E,0),0),"")} | G40: {=IFERROR(INDEX(Gdanskas!P:P,MATCH(C40,Gdanskas!C:C,0),0),"")} | H40: {=IFERROR(INDEX(Trakai!R:R,MATCH(C40,Trakai!E:E,0),0),"")} -> 778 | I40: {=IFERROR(INDEX(Jonava!Q:Q,MATCH(C40,Jonava!E:E,0),0),"")} | J40: {=IFERROR(INDEX(Panevezys2!R:R,MATCH(C40,Panevezys2!E:E,0),0),"")} | K40: =IFERROR(INDEX(Skaudvile!Q:Q,MATCH(C40,Skaudvile!E:E,0),0),"") | L40: =IFERROR(INDEX(Moletai!Q:Q,MATCH(C40,Moletai!E:E,0),0),"") | N40: =COUNTIF(D40:M40,">0") -> 1 | O40: =SUM(D40:M40) -> 778 | P40: =O40/N40 -> 778 | Q40: {=IFERROR(SUMPRODUCT(LARGE(D40:M40,{1;2;3})),"0")} -> 0 | R40: =IFERROR(INDEX('Bendra įskaita (2025)'!A:A,MATCH(C40,'Bendra įskaita (2025)'!B:B,0),0),"") | S40: =IFERROR(INDEX('Bendra įskaita (2025)'!K:K,MATCH(C40,'Bendra įskaita (2025)'!B:B,0),0),"") | T40: =IFERROR(INDEX('Bendra įskaita (2024)'!A:A,MATCH(C40,'Bendra įskaita (2024)'!B:B,0),0),"") | U40: =IFERROR(INDEX('Bendra įskaita (2024)'!L:L,MATCH(C40,'Bendra įskaita (2024)'!B:B,0),0),"")
A41: 38 | B41: =Table_1[[#This Row],[2025 Vieta]]-A40 -> -2 | C41: Rūta Jazepčikienė | D41: {=IFERROR(INDEX(Panevezys!P:P,MATCH(C41,Panevezys!E:E,0),0),"")} | E41: {=IFERROR(INDEX(Kaisiadorys!Q:Q,MATCH(C41,Kaisiadorys!E:E,0),0),"")} -> 760 | F41: {=IFERROR(INDEX(Veisiejai!Q:Q,MATCH(C41,Veisiejai!E:E,0),0),"")} | G41: {=IFERROR(INDEX(Gdanskas!P:P,MATCH(C41,Gdanskas!C:C,0),0),"")} | H41: {=IFERROR(INDEX(Trakai!R:R,MATCH(C41,Trakai!E:E,0),0),"")} | I41: {=IFERROR(INDEX(Jonava!Q:Q,MATCH(C41,Jonava!E:E,0),0),"")} | J41: {=IFERROR(INDEX(Panevezys2!R:R,MATCH(C41,Panevezys2!E:E,0),0),"")} | K41: =IFERROR(INDEX(Skaudvile!Q:Q,MATCH(C41,Skaudvile!E:E,0),0),"") | L41: =IFERROR(INDEX(Moletai!Q:Q,MATCH(C41,Moletai!E:E,0),0),"") -> 765 | N41: =COUNTIF(D41:M41,">0") -> 2 | O41: =SUM(D41:M41) -> 1525 | P41: =O41/N41 -> 762.5 | Q41: {=IFERROR(SUMPRODUCT(LARGE(D41:M41,{1;2;3})),"0")} -> 0 | R41: =IFERROR(INDEX('Bendra įskaita (2025)'!A:A,MATCH(C41,'Bendra įskaita (2025)'!B:B,0),0),"") -> 35 | S41: =IFERROR(INDEX('Bendra įskaita (2025)'!K:K,MATCH(C41,'Bendra įskaita (2025)'!B:B,0),0),"") -> 1 | T41: =IFERROR(INDEX('Bendra įskaita (2024)'!A:A,MATCH(C41,'Bendra įskaita (2024)'!B:B,0),0),"") | U41: =IFERROR(INDEX('Bendra įskaita (2024)'!L:L,MATCH(C41,'Bendra įskaita (2024)'!B:B,0),0),"")
A42: 39 | B42: =Table_1[[#This Row],[2025 Vieta]]-A41 -> -23 | C42: Mark Zaičik | D42: {=IFERROR(INDEX(Panevezys!P:P,MATCH(C42,Panevezys!E:E,0),0),"")} | E42: {=IFERROR(INDEX(Kaisiadorys!Q:Q,MATCH(C42,Kaisiadorys!E:E,0),0),"")} -> 759 | F42: {=IFERROR(INDEX(Veisiejai!Q:Q,MATCH(C42,Veisiejai!E:E,0),0),"")} | G42: {=IFERROR(INDEX(Gdanskas!P:P,MATCH(C42,Gdanskas!C:C,0),0),"")} | H42: {=IFERROR(INDEX(Trakai!R:R,MATCH(C42,Trakai!E:E,0),0),"")} | I42: {=IFERROR(INDEX(Jonava!Q:Q,MATCH(C42,Jonava!E:E,0),0),"")} | J42: {=IFERROR(INDEX(Panevezys2!R:R,MATCH(C42,Panevezys2!E:E,0),0),"")} | K42: =IFERROR(INDEX(Skaudvile!Q:Q,MATCH(C42,Skaudvile!E:E,0),0),"") | L42: =IFERROR(INDEX(Moletai!Q:Q,MATCH(C42,Moletai!E:E,0),0),"") | N42: =COUNTIF(D42:M42,">0") -> 1 | O42: =SUM(D42:M42) -> 759 | P42: =O42/N42 -> 759 | Q42: {=IFERROR(SUMPRODUCT(LARGE(D42:M42,{1;2;3})),"0")} -> 0 | R42: =IFERROR(INDEX('Bendra įskaita (2025)'!A:A,MATCH(C42,'Bendra įskaita (2025)'!B:B,0),0),"") -> 15 | S42: =IFERROR(INDEX('Bendra įskaita (2025)'!K:K,MATCH(C42,'Bendra įskaita (2025)'!B:B,0),0),"") -> 3 | T42: =IFERROR(INDEX('Bendra įskaita (2024)'!A:A,MATCH(C42,'Bendra įskaita (2024)'!B:B,0),0),"") | U42: =IFERROR(INDEX('Bendra įskaita (2024)'!L:L,MATCH(C42,'Bendra įskaita (2024)'!B:B,0),0),"")
A43: 40 | B43: =Table_1[[#This Row],[2025 Vieta]]-A42 -> 12 | C43: Tomas Gruslys | D43: {=IFERROR(INDEX(Panevezys!P:P,MATCH(C43,Panevezys!E:E,0),0),"")} | E43: {=IFERROR(INDEX(Kaisiadorys!Q:Q,MATCH(C43,Kaisiadorys!E:E,0),0),"")} | F43: {=IFERROR(INDEX(Veisiejai!Q:Q,MATCH(C43,Veisiejai!E:E,0),0),"")} | G43: {=IFERROR(INDEX(Gdanskas!P:P,MATCH(C43,Gdanskas!C:C,0),0),"")} -> 758 | H43: {=IFERROR(INDEX(Trakai!R:R,MATCH(C43,Trakai!E:E,0),0),"")} -> 749 | I43: {=IFERROR(INDEX(Jonava!Q:Q,MATCH(C43,Jonava!E:E,0),0),"")} | J43: {=IFERROR(INDEX(Panevezys2!R:R,MATCH(C43,Panevezys2!E:E,0),0),"")} | K43: =IFERROR(INDEX(Skaudvile!Q:Q,MATCH(C43,Skaudvile!E:E,0),0),"") | L43: =IFERROR(INDEX(Moletai!Q:Q,MATCH(C43,Moletai!E:E,0),0),"") | N43: =COUNTIF(D43:M43,">0") -> 2 | O43: =SUM(D43:M43) -> 1507 | P43: =O43/N43 -> 753.5 | Q43: {=IFERROR(SUMPRODUCT(LARGE(D43:M43,{1;2;3})),"0")} -> 0 | R43: =IFERROR(INDEX('Bendra įskaita (2025)'!A:A,MATCH(C43,'Bendra įskaita (2025)'!B:B,0),0),"") -> 51 | S43: =IFERROR(INDEX('Bendra įskaita (2025)'!K:K,MATCH(C43,'Bendra įskaita (2025)'!B:B,0),0),"") -> 0 | T43: =IFERROR(INDEX('Bendra įskaita (2024)'!A:A,MATCH(C43,'Bendra įskaita (2024)'!B:B,0),0),"") -> 32 | U43: =IFERROR(INDEX('Bendra įskaita (2024)'!L:L,MATCH(C43,'Bendra įskaita (2024)'!B:B,0),0),"") -> 1
A44: 41 | B44: =Table_1[[#This Row],[2025 Vieta]]-A43 -> 0 | C44: Lina Alūzė | D44: {=IFERROR(INDEX(Panevezys!P:P,MATCH(C44,Panevezys!E:E,0),0),"")} | E44: {=IFERROR(INDEX(Kaisiadorys!Q:Q,MATCH(C44,Kaisiadorys!E:E,0),0),"")} -> 737 | F44: {=IFERROR(INDEX(Veisiejai!Q:Q,MATCH(C44,Veisiejai!E:E,0),0),"")} | G44: {=IFERROR(INDEX(Gdanskas!P:P,MATCH(C44,Gdanskas!C:C,0),0),"")} | H44: {=IFERROR(INDEX(Trakai!R:R,MATCH(C44,Trakai!E:E,0),0),"")} | I44: {=IFERROR(INDEX(Jonava!Q:Q,MATCH(C44,Jonava!E:E,0),0),"")} | J44: {=IFERROR(INDEX(Panevezys2!R:R,MATCH(C44,Panevezys2!E:E,0),0),"")} | K44: =IFERROR(INDEX(Skaudvile!Q:Q,MATCH(C44,Skaudvile!E:E,0),0),"") -> 740 | L44: =IFERROR(INDEX(Moletai!Q:Q,MATCH(C44,Moletai!E:E,0),0),"") | N44: =COUNTIF(D44:M44,">0") -> 2 | O44: =SUM(D44:M44) -> 1477 | P44: =O44/N44 -> 738.5 | Q44: {=IFERROR(SUMPRODUCT(LARGE(D44:M44,{1;2;3})),"0")} -> 0 | R44: =IFERROR(INDEX('Bendra įskaita (2025)'!A:A,MATCH(C44,'Bendra įskaita (2025)'!B:B,0),0),"") -> 40 | S44: =IFERROR(INDEX('Bendra įskaita (2025)'!K:K,MATCH(C44,'Bendra įskaita (2025)'!B:B,0),0),"") -> 1 | T44: =IFERROR(INDEX('Bendra įskaita (2024)'!A:A,MATCH(C44,'Bendra įskaita (2024)'!B:B,0),0),"") -> 76 | U44: =IFERROR(INDEX('Bendra įskaita (2024)'!L:L,MATCH(C44,'Bendra įskaita (2024)'!B:B,0),0),"") -> 0
A45: 42 | B45: =Table_1[[#This Row],[2025 Vieta]]-A44 -> 10 | C45: Audrius Virbickas | D45: {=IFERROR(INDEX(Panevezys!P:P,MATCH(C45,Panevezys!E:E,0),0),"")} | E45: {=IFERROR(INDEX(Kaisiadorys!Q:Q,MATCH(C45,Kaisiadorys!E:E,0),0),"")} | F45: {=IFERROR(INDEX(Veisiejai!Q:Q,MATCH(C45,Veisiejai!E:E,0),0),"")} | G45: {=IFERROR(INDEX(Gdanskas!P:P,MATCH(C45,Gdanskas!C:C,0),0),"")} | H45: {=IFERROR(INDEX(Trakai!R:R,MATCH(C45,Trakai!E:E,0),0),"")} -> 718 | I45: {=IFERROR(INDEX(Jonava!Q:Q,MATCH(C45,Jonava!E:E,0),0),"")} | J45: {=IFERROR(INDEX(Panevezys2!R:R,MATCH(C45,Panevezys2!E:E,0),0),"")} | K45: =IFERROR(INDEX(Skaudvile!Q:Q,MATCH(C45,Skaudvile!E:E,0),0),"") | L45: =IFERROR(INDEX(Moletai!Q:Q,MATCH(C45,Moletai!E:E,0),0),"") | N45: =COUNTIF(D45:M45,">0") -> 1 | O45: =SUM(D45:M45) -> 718 | P45: =O45/N45 -> 718 | Q45: {=IFERROR(SUMPRODUCT(LARGE(D45:M45,{1;2;3})),"0")} -> 0 | R45: =IFERROR(INDEX('Bendra įskaita (2025)'!A:A,MATCH(C45,'Bendra įskaita (2025)'!B:B,0),0),"") -> 51 | S45: =IFERROR(INDEX('Bendra įskaita (2025)'!K:K,MATCH(C45,'Bendra įskaita (2025)'!B:B,0),0),"") -> 0 | T45: =IFERROR(INDEX('Bendra įskaita (2024)'!A:A,MATCH(C45,'Bendra įskaita (2024)'!B:B,0),0),"") -> 57 | U45: =IFERROR(INDEX('Bendra įskaita (2024)'!L:L,MATCH(C45,'Bendra įskaita (2024)'!B:B,0),0),"") -> 0
A46: 43 | B46: =Table_1[[#This Row],[2025 Vieta]]-A45 -> 2 | C46: Linas Jurkšas | D46: {=IFERROR(INDEX(Panevezys!P:P,MATCH(C46,Panevezys!E:E,0),0),"")} | E46: {=IFERROR(INDEX(Kaisiadorys!Q:Q,MATCH(C46,Kaisiadorys!E:E,0),0),"")} -> 740 | F46: {=IFERROR(INDEX(Veisiejai!Q:Q,MATCH(C46,Veisiejai!E:E,0),0),"")} | G46: {=IFERROR(INDEX(Gdanskas!P:P,MATCH(C46,Gdanskas!C:C,0),0),"")} | H46: {=IFERROR(INDEX(Trakai!R:R,MATCH(C46,Trakai!E:E,0),0),"")} -> 683 | I46: {=IFERROR(INDEX(Jonava!Q:Q,MATCH(C46,Jonava!E:E,0),0),"")} | J46: {=IFERROR(INDEX(Panevezys2!R:R,MATCH(C46,Panevezys2!E:E,0),0),"")} | K46: =IFERROR(INDEX(Skaudvile!Q:Q,MATCH(C46,Skaudvile!E:E,0),0),"") | L46: =IFERROR(INDEX(Moletai!Q:Q,MATCH(C46,Moletai!E:E,0),0),"") | N46: =COUNTIF(D46:M46,">0") -> 2 | O46: =SUM(D46:M46) -> 1423 | P46: =O46/N46 -> 711.5 | Q46: {=IFERROR(SUMPRODUCT(LARGE(D46:M46,{1;2;3})),"0")} -> 0 | R46: =IFERROR(INDEX('Bendra įskaita (2025)'!A:A,MATCH(C46,'Bendra įskaita (2025)'!B:B,0),0),"") -> 44 | S46: =IFERROR(INDEX('Bendra įskaita (2025)'!K:K,MATCH(C46,'Bendra įskaita (2025)'!B:B,0),0),"") -> 1 | T46: =IFERROR(INDEX('Bendra įskaita (2024)'!A:A,MATCH(C46,'Bendra įskaita (2024)'!B:B,0),0),"") -> 40 | U46: =IFERROR(INDEX('Bendra įskaita (2024)'!L:L,MATCH(C46,'Bendra įskaita (2024)'!B:B,0),0),"") -> 2
A47: 44 | B47: =Table_1[[#This Row],[2025 Vieta]]-A46 -> -4 | C47: Ingrida Bartkutė | D47: {=IFERROR(INDEX(Panevezys!P:P,MATCH(C47,Panevezys!E:E,0),0),"")} | E47: {=IFERROR(INDEX(Kaisiadorys!Q:Q,MATCH(C47,Kaisiadorys!E:E,0),0),"")} -> 682 | F47: {=IFERROR(INDEX(Veisiejai!Q:Q,MATCH(C47,Veisiejai!E:E,0),0),"")} | G47: {=IFERROR(INDEX(Gdanskas!P:P,MATCH(C47,Gdanskas!C:C,0),0),"")} | H47: {=IFERROR(INDEX(Trakai!R:R,MATCH(C47,Trakai!E:E,0),0),"")} -> 671 | I47: {=IFERROR(INDEX(Jonava!Q:Q,MATCH(C47,Jonava!E:E,0),0),"")} | J47: {=IFERROR(INDEX(Panevezys2!R:R,MATCH(C47,Panevezys2!E:E,0),0),"")} | K47: =IFERROR(INDEX(Skaudvile!Q:Q,MATCH(C47,Skaudvile!E:E,0),0),"") | L47: =IFERROR(INDEX(Moletai!Q:Q,MATCH(C47,Moletai!E:E,0),0),"") | N47: =COUNTIF(D47:M47,">0") -> 2 | O47: =SUM(D47:M47) -> 1353 | P47: =O47/N47 -> 676.5 | Q47: {=IFERROR(SUMPRODUCT(LARGE(D47:M47,{1;2;3})),"0")} -> 0 | R47: =IFERROR(INDEX('Bendra įskaita (2025)'!A:A,MATCH(C47,'Bendra įskaita (2025)'!B:B,0),0),"") -> 39 | S47: =IFERROR(INDEX('Bendra įskaita (2025)'!K:K,MATCH(C47,'Bendra įskaita (2025)'!B:B,0),0),"") -> 1 | T47: =IFERROR(INDEX('Bendra įskaita (2024)'!A:A,MATCH(C47,'Bendra įskaita (2024)'!B:B,0),0),"") -> 68 | U47: =IFERROR(INDEX('Bendra įskaita (2024)'!L:L,MATCH(C47,'Bendra įskaita (2024)'!B:B,0),0),"") -> 0
A48: 45 | B48: =Table_1[[#This Row],[2025 Vieta]]-A47 -> -2 | C48: Nadezhda Nakvose | D48: {=IFERROR(INDEX(Panevezys!P:P,MATCH(C48,Panevezys!E:E,0),0),"")} | E48: {=IFERROR(INDEX(Kaisiadorys!Q:Q,MATCH(C48,Kaisiadorys!E:E,0),0),"")} | F48: {=IFERROR(INDEX(Veisiejai!Q:Q,MATCH(C48,Veisiejai!E:E,0),0),"")} | G48: {=IFERROR(INDEX(Gdanskas!P:P,MATCH(C48,Gdanskas!C:C,0),0),"")} | H48: {=IFERROR(INDEX(Trakai!R:R,MATCH(C48,Trakai!E:E,0),0),"")} | I48: {=IFERROR(INDEX(Jonava!Q:Q,MATCH(C48,Jonava!E:E,0),0),"")} | J48: {=IFERROR(INDEX(Panevezys2!R:R,MATCH(C48,Panevezys2!E:E,0),0),"")} | K48: =IFERROR(INDEX(Skaudvile!Q:Q,MATCH(C48,Skaudvile!E:E,0),0),"") | L48: =IFERROR(INDEX(Moletai!Q:Q,MATCH(C48,Moletai!E:E,0),0),"") -> 676 | N48: =COUNTIF(D48:M48,">0") -> 1 | O48: =SUM(D48:M48) -> 676 | P48: =O48/N48 -> 676 | Q48: {=IFERROR(SUMPRODUCT(LARGE(D48:M48,{1;2;3})),"0")} -> 0 | R48: =IFERROR(INDEX('Bendra įskaita (2025)'!A:A,MATCH(C48,'Bendra įskaita (2025)'!B:B,0),0),"") -> 42 | S48: =IFERROR(INDEX('Bendra įskaita (2025)'!K:K,MATCH(C48,'Bendra įskaita (2025)'!B:B,0),0),"") -> 2 | T48: =IFERROR(INDEX('Bendra įskaita (2024)'!A:A,MATCH(C48,'Bendra įskaita (2024)'!B:B,0),0),"") -> 46 | U48: =IFERROR(INDEX('Bendra įskaita (2024)'!L:L,MATCH(C48,'Bendra įskaita (2024)'!B:B,0),0),"") -> 3
A49: 46 | B49: =Table_1[[#This Row],[2025 Vieta]]-A48 -> -2 | C49: Eglė Karmazienė | D49: {=IFERROR(INDEX(Panevezys!P:P,MATCH(C49,Panevezys!E:E,0),0),"")} | E49: {=IFERROR(INDEX(Kaisiadorys!Q:Q,MATCH(C49,Kaisiadorys!E:E,0),0),"")} -> 658 | F49: {=IFERROR(INDEX(Veisiejai!Q:Q,MATCH(C49,Veisiejai!E:E,0),0),"")} | G49: {=IFERROR(INDEX(Gdanskas!P:P,MATCH(C49,Gdanskas!C:C,0),0),"")} | H49: {=IFERROR(INDEX(Trakai!R:R,MATCH(C49,Trakai!E:E,0),0),"")} -> 690 | I49: {=IFERROR(INDEX(Jonava!Q:Q,MATCH(C49,Jonava!E:E,0),0),"")} | J49: {=IFERROR(INDEX(Panevezys2!R:R,MATCH(C49,Panevezys2!E:E,0),0),"")} | K49: =IFERROR(INDEX(Skaudvile!Q:Q,MATCH(C49,Skaudvile!E:E,0),0),"") | L49: =IFERROR(INDEX(Moletai!Q:Q,MATCH(C49,Moletai!E:E,0),0),"") | N49: =COUNTIF(D49:M49,">0") -> 2 | O49: =SUM(D49:M49) -> 1348 | P49: =O49/N49 -> 674 | Q49: {=IFERROR(SUMPRODUCT(LARGE(D49:M49,{1;2;3})),"0")} -> 0 | R49: =IFERROR(INDEX('Bendra įskaita (2025)'!A:A,MATCH(C49,'Bendra įskaita (2025)'!B:B,0),0),"") -> 43 | S49: =IFERROR(INDEX('Bendra įskaita (2025)'!K:K,MATCH(C49,'Bendra įskaita (2025)'!B:B,0),0),"") -> 1 | T49: =IFERROR(INDEX('Bendra įskaita (2024)'!A:A,MATCH(C49,'Bendra įskaita (2024)'!B:B,0),0),"") -> 61 | U49: =IFERROR(INDEX('Bendra įskaita (2024)'!L:L,MATCH(C49,'Bendra įskaita (2024)'!B:B,0),0),"") -> 0
A50: 47 | B50: =Table_1[[#This Row],[2025 Vieta]]-A50 -> 4 | C50: Ieva Auglytė | D50: {=IFERROR(INDEX(Panevezys!P:P,MATCH(C50,Panevezys!E:E,0),0),"")} | E50: {=IFERROR(INDEX(Kaisiadorys!Q:Q,MATCH(C50,Kaisiadorys!E:E,0),0),"")} | F50: {=IFERROR(INDEX(Veisiejai!Q:Q,MATCH(C50,Veisiejai!E:E,0),0),"")} | G50: {=IFERROR(INDEX(Gdanskas!P:P,MATCH(C50,Gdanskas!C:C,0),0),"")} | H50: {=IFERROR(INDEX(Trakai!R:R,MATCH(C50,Trakai!E:E,0),0),"")} -> 577 | I50: {=IFERROR(INDEX(Jonava!Q:Q,MATCH(C50,Jonava!E:E,0),0),"")} | J50: {=IFERROR(INDEX(Panevezys2!R:R,MATCH(C50,Panevezys2!E:E,0),0),"")} | K50: =IFERROR(INDEX(Skaudvile!Q:Q,MATCH(C50,Skaudvile!E:E,0),0),"") | L50: =IFERROR(INDEX(Moletai!Q:Q,MATCH(C50,Moletai!E:E,0),0),"") | N50: =COUNTIF(D50:M50,">0") -> 1 | O50: =SUM(D50:M50) -> 577 | P50: =O50/N50 -> 577 | Q50: {=IFERROR(SUMPRODUCT(LARGE(D50:M50,{1;2;3})),"0")} -> 0 | R50: =IFERROR(INDEX('Bendra įskaita (2025)'!A:A,MATCH(C50,'Bendra įskaita (2025)'!B:B,0),0),"") -> 51 | S50: =IFERROR(INDEX('Bendra įskaita (2025)'!K:K,MATCH(C50,'Bendra įskaita (2025)'!B:B,0),0),"") -> 0 | T50: =IFERROR(INDEX('Bendra įskaita (2024)'!A:A,MATCH(C50,'Bendra įskaita (2024)'!B:B,0),0),"") | U50: =IFERROR(INDEX('Bendra įskaita (2024)'!L:L,MATCH(C50,'Bendra įskaita (2024)'!B:B,0),0),"")
A51: 48 | B51: =Table_1[[#This Row],[2025 Vieta]]-A51 -> -21 | C51: Mikael Mertz-Jepsen | D51: {=IFERROR(INDEX(Panevezys!P:P,MATCH(C51,Panevezys!E:E,0),0),"")} | E51: {=IFERROR(INDEX(Kaisiadorys!Q:Q,MATCH(C51,Kaisiadorys!E:E,0),0),"")} | F51: {=IFERROR(INDEX(Veisiejai!Q:Q,MATCH(C51,Veisiejai!E:E,0),0),"")} | G51: {=IFERROR(INDEX(Gdanskas!P:P,MATCH(C51,Gdanskas!C:C,0),0),"")} | H51: {=IFERROR(INDEX(Trakai!R:R,MATCH(C51,Trakai!E:E,0),0),"")} | I51: {=IFERROR(INDEX(Jonava!Q:Q,MATCH(C51,Jonava!E:E,0),0),"")} | J51: {=IFERROR(INDEX(Panevezys2!R:R,MATCH(C51,Panevezys2!E:E,0),0),"")} -> 0 | K51: =IFERROR(INDEX(Skaudvile!Q:Q,MATCH(C51,Skaudvile!E:E,0),0),"") | L51: =IFERROR(INDEX(Moletai!Q:Q,MATCH(C51,Moletai!E:E,0),0),"") | N51: 1 | O51: =SUM(D51:M51) -> 0 | P51: =O51/N51 -> 0 | Q51: {=IFERROR(SUMPRODUCT(LARGE(D51:M51,{1;2;3})),"0")} -> 0 | R51: =IFERROR(INDEX('Bendra įskaita (2025)'!A:A,MATCH(C51,'Bendra įskaita (2025)'!B:B,0),0),"") -> 27 | S51: =IFERROR(INDEX('Bendra įskaita (2025)'!K:K,MATCH(C51,'Bendra įskaita (2025)'!B:B,0),0),"") -> 1 | T51: =IFERROR(INDEX('Bendra įskaita (2024)'!A:A,MATCH(C51,'Bendra įskaita (2024)'!B:B,0),0),"") -> 37 | U51: =IFERROR(INDEX('Bendra įskaita (2024)'!L:L,MATCH(C51,'Bendra įskaita (2024)'!B:B,0),0),"") -> 2
A52: 49 | B52: =Table_1[[#This Row],[2025 Vieta]]-A52 -> -27 | C52: Vytautas Jazepčikas | D52: {=IFERROR(INDEX(Panevezys!P:P,MATCH(C52,Panevezys!E:E,0),0),"")} | E52: {=IFERROR(INDEX(Kaisiadorys!Q:Q,MATCH(C52,Kaisiadorys!E:E,0),0),"")} | F52: {=IFERROR(INDEX(Veisiejai!Q:Q,MATCH(C52,Veisiejai!E:E,0),0),"")} | G52: {=IFERROR(INDEX(Gdanskas!P:P,MATCH(C52,Gdanskas!C:C,0),0),"")} | H52: {=IFERROR(INDEX(Trakai!R:R,MATCH(C52,Trakai!E:E,0),0),"")} | I52: {=IFERROR(INDEX(Jonava!Q:Q,MATCH(C52,Jonava!E:E,0),0),"")} | J52: {=IFERROR(INDEX(Panevezys2!R:R,MATCH(C52,Panevezys2!E:E,0),0),"")} -> 0 | K52: =IFERROR(INDEX(Skaudvile!Q:Q,MATCH(C52,Skaudvile!E:E,0),0),"") | L52: =IFERROR(INDEX(Moletai!Q:Q,MATCH(C52,Moletai!E:E,0),0),"") | N52: 1 | O52: =SUM(D52:M52) -> 0 | P52: =O52/N52 -> 0 | Q52: {=IFERROR(SUMPRODUCT(LARGE(D52:M52,{1;2;3})),"0")} -> 0 | R52: =IFERROR(INDEX('Bendra įskaita (2025)'!A:A,MATCH(C52,'Bendra įskaita (2025)'!B:B,0),0),"") -> 22 | S52: =IFERROR(INDEX('Bendra įskaita (2025)'!K:K,MATCH(C52,'Bendra įskaita (2025)'!B:B,0),0),"") -> 1 | T52: =IFERROR(INDEX('Bendra įskaita (2024)'!A:A,MATCH(C52,'Bendra įskaita (2024)'!B:B,0),0),"") -> 29 | U52: =IFERROR(INDEX('Bendra įskaita (2024)'!L:L,MATCH(C52,'Bendra įskaita (2024)'!B:B,0),0),"") -> 3
A53: 50 | B53: NEW | C53: Laurynas Savickas | D53: {=IFERROR(INDEX(Panevezys!P:P,MATCH(C53,Panevezys!E:E,0),0),"")} | E53: {=IFERROR(INDEX(Kaisiadorys!Q:Q,MATCH(C53,Kaisiadorys!E:E,0),0),"")} | F53: {=IFERROR(INDEX(Veisiejai!Q:Q,MATCH(C53,Veisiejai!E:E,0),0),"")} | G53: {=IFERROR(INDEX(Gdanskas!P:P,MATCH(C53,Gdanskas!C:C,0),0),"")} | H53: {=IFERROR(INDEX(Trakai!R:R,MATCH(C53,Trakai!E:E,0),0),"")} | I53: {=IFERROR(INDEX(Jonava!Q:Q,MATCH(C53,Jonava!E:E,0),0),"")} | J53: {=IFERROR(INDEX(Panevezys2!R:R,MATCH(C53,Panevezys2!E:E,0),0),"")} | K53: =IFERROR(INDEX(Skaudvile!Q:Q,MATCH(C53,Skaudvile!E:E,0),0),"") | L53: =IFERROR(INDEX(Moletai!Q:Q,MATCH(C53,Moletai!E:E,0),0),"") | N53: =COUNTIF(D53:M53,">0") -> 0 | O53: =SUM(D53:M53) -> 0 | P53: =O53/N53 -> #DIV/0! | Q53: {=IFERROR(SUMPRODUCT(LARGE(D53:M53,{1;2;3})),"0")} -> 0
A54: 50 | C54: Inga Aukselytė | D54: {=IFERROR(INDEX(Panevezys!P:P,MATCH(C54,Panevezys!E:E,0),0),"")} | E54: {=IFERROR(INDEX(Kaisiadorys!Q:Q,MATCH(C54,Kaisiadorys!E:E,0),0),"")} | F54: {=IFERROR(INDEX(Veisiejai!Q:Q,MATCH(C54,Veisiejai!E:E,0),0),"")} | G54: {=IFERROR(INDEX(Gdanskas!P:P,MATCH(C54,Gdanskas!C:C,0),0),"")} | H54: {=IFERROR(INDEX(Trakai!R:R,MATCH(C54,Trakai!E:E,0),0),"")} | I54: {=IFERROR(INDEX(Jonava!Q:Q,MATCH(C54,Jonava!E:E,0),0),"")} | J54: {=IFERROR(INDEX(Panevezys2!R:R,MATCH(C54,Panevezys2!E:E,0),0),"")} | K54: =IFERROR(INDEX(Skaudvile!Q:Q,MATCH(C54,Skaudvile!E:E,0),0),"") | L54: =IFERROR(INDEX(Moletai!Q:Q,MATCH(C54,Moletai!E:E,0),0),"") | N54: =COUNTIF(D54:M54,">0") -> 0 | O54: =SUM(D54:M54) -> 0 | P54: =O54/N54 -> #DIV/0! | Q54: {=IFERROR(SUMPRODUCT(LARGE(E54:M54,{1;2;3})),"0")} -> 0 | R54: =IFERROR(INDEX('Bendra įskaita (2025)'!A:A,MATCH(C54,'Bendra įskaita (2025)'!B:B,0),0),"") -> 14 | S54: =IFERROR(INDEX('Bendra įskaita (2025)'!K:K,MATCH(C54,'Bendra įskaita (2025)'!B:B,0),0),"") -> 4 | T54: =IFERROR(INDEX('Bendra įskaita (2024)'!A:A,MATCH(C54,'Bendra įskaita (2024)'!B:B,0),0),"") -> 34 | U54: =IFERROR(INDEX('Bendra įskaita (2024)'!L:L,MATCH(C54,'Bendra įskaita (2024)'!B:B,0),0),"") -> 1
A55: 50 | C55: Linas Jocius | D55: {=IFERROR(INDEX(Panevezys!P:P,MATCH(C55,Panevezys!E:E,0),0),"")} | E55: {=IFERROR(INDEX(Kaisiadorys!Q:Q,MATCH(C55,Kaisiadorys!E:E,0),0),"")} | F55: {=IFERROR(INDEX(Veisiejai!Q:Q,MATCH(C55,Veisiejai!E:E,0),0),"")} | G55: {=IFERROR(INDEX(Gdanskas!P:P,MATCH(C55,Gdanskas!C:C,0),0),"")} | H55: {=IFERROR(INDEX(Trakai!R:R,MATCH(C55,Trakai!E:E,0),0),"")} | I55: {=IFERROR(INDEX(Jonava!Q:Q,MATCH(C55,Jonava!E:E,0),0),"")} | J55: {=IFERROR(INDEX(Panevezys2!R:R,MATCH(C55,Panevezys2!E:E,0),0),"")} | K55: =IFERROR(INDEX(Skaudvile!Q:Q,MATCH(C55,Skaudvile!E:E,0),0),"") | L55: =IFERROR(INDEX(Moletai!Q:Q,MATCH(C55,Moletai!E:E,0),0),"") | N55: =COUNTIF(D55:M55,">0") -> 0 | O55: =SUM(D55:M55) -> 0 | P55: =O55/N55 -> #DIV/0! | Q55: {=IFERROR(SUMPRODUCT(LARGE(D55:M55,{1;2;3})),"0")} -> 0 | R55: =IFERROR(INDEX('Bendra įskaita (2025)'!A:A,MATCH(C55,'Bendra įskaita (2025)'!B:B,0),0),"") -> 24 | S55: =IFERROR(INDEX('Bendra įskaita (2025)'!K:K,MATCH(C55,'Bendra įskaita (2025)'!B:B,0),0),"") -> 1 | T55: =IFERROR(INDEX('Bendra įskaita (2024)'!A:A,MATCH(C55,'Bendra įskaita (2024)'!B:B,0),0),"") -> 47 | U55: =IFERROR(INDEX('Bendra įskaita (2024)'!L:L,MATCH(C55,'Bendra įskaita (2024)'!B:B,0),0),"") -> 2
A56: 50 | C56: Danielius Nepomniaščis | D56: {=IFERROR(INDEX(Panevezys!P:P,MATCH(C56,Panevezys!E:E,0),0),"")} | E56: {=IFERROR(INDEX(Kaisiadorys!Q:Q,MATCH(C56,Kaisiadorys!E:E,0),0),"")} | F56: {=IFERROR(INDEX(Veisiejai!Q:Q,MATCH(C56,Veisiejai!E:E,0),0),"")} | G56: {=IFERROR(INDEX(Gdanskas!P:P,MATCH(C56,Gdanskas!C:C,0),0),"")} | H56: {=IFERROR(INDEX(Trakai!R:R,MATCH(C56,Trakai!E:E,0),0),"")} | I56: {=IFERROR(INDEX(Jonava!Q:Q,MATCH(C56,Jonava!E:E,0),0),"")} | J56: {=IFERROR(INDEX(Panevezys2!R:R,MATCH(C56,Panevezys2!E:E,0),0),"")} | K56: =IFERROR(INDEX(Skaudvile!Q:Q,MATCH(C56,Skaudvile!E:E,0),0),"") | L56: =IFERROR(INDEX(Moletai!Q:Q,MATCH(C56,Moletai!E:E,0),0),"") | N56: =COUNTIF(D56:M56,">0") -> 0 | O56: =SUM(D56:M56) -> 0 | P56: =O56/N56 -> #DIV/0! | Q56: {=IFERROR(SUMPRODUCT(LARGE(E56:M56,{1;2;3})),"0")} -> 0 | R56: =IFERROR(INDEX('Bendra įskaita (2025)'!A:A,MATCH(C56,'Bendra įskaita (2025)'!B:B,0),0),"") -> 21 | S56: =IFERROR(INDEX('Bendra įskaita (2025)'!K:K,MATCH(C56,'Bendra įskaita (2025)'!B:B,0),0),"") -> 2 | T56: =IFERROR(INDEX('Bendra įskaita (2024)'!A:A,MATCH(C56,'Bendra įskaita (2024)'!B:B,0),0),"") -> 16 | U56: =IFERROR(INDEX('Bendra įskaita (2024)'!L:L,MATCH(C56,'Bendra įskaita (2024)'!B:B,0),0),"") -> 3
A57: 50 | C57: Modestas Auglys | D57: {=IFERROR(INDEX(Panevezys!P:P,MATCH(C57,Panevezys!E:E,0),0),"")} | E57: {=IFERROR(INDEX(Kaisiadorys!Q:Q,MATCH(C57,Kaisiadorys!E:E,0),0),"")} | F57: {=IFERROR(INDEX(Veisiejai!Q:Q,MATCH(C57,Veisiejai!E:E,0),0),"")} | G57: {=IFERROR(INDEX(Gdanskas!P:P,MATCH(C57,Gdanskas!C:C,0),0),"")} | H57: {=IFERROR(INDEX(Trakai!R:R,MATCH(C57,Trakai!E:E,0),0),"")} | I57: {=IFERROR(INDEX(Jonava!Q:Q,MATCH(C57,Jonava!E:E,0),0),"")} | J57: {=IFERROR(INDEX(Panevezys2!R:R,MATCH(C57,Panevezys2!E:E,0),0),"")} | K57: =IFERROR(INDEX(Skaudvile!Q:Q,MATCH(C57,Skaudvile!E:E,0),0),"") | L57: =IFERROR(INDEX(Moletai!Q:Q,MATCH(C57,Moletai!E:E,0),0),"") | N57: =COUNTIF(D57:M57,">0") -> 0 | O57: =SUM(D57:M57) -> 0 | P57: =O57/N57 -> #DIV/0! | Q57: {=IFERROR(SUMPRODUCT(LARGE(D57:M57,{1;2;3})),"0")} -> 0 | R57: =IFERROR(INDEX('Bendra įskaita (2025)'!A:A,MATCH(C57,'Bendra įskaita (2025)'!B:B,0),0),"") -> 29 | S57: =IFERROR(INDEX('Bendra įskaita (2025)'!K:K,MATCH(C57,'Bendra įskaita (2025)'!B:B,0),0),"") -> 2 | T57: =IFERROR(INDEX('Bendra įskaita (2024)'!A:A,MATCH(C57,'Bendra įskaita (2024)'!B:B,0),0),"") -> 27 | U57: =IFERROR(INDEX('Bendra įskaita (2024)'!L:L,MATCH(C57,'Bendra įskaita (2024)'!B:B,0),0),"") -> 2
A58: 50 | C58: Edvinas Paulauskas | D58: {=IFERROR(INDEX(Panevezys!P:P,MATCH(C58,Panevezys!E:E,0),0),"")} | E58: {=IFERROR(INDEX(Kaisiadorys!Q:Q,MATCH(C58,Kaisiadorys!E:E,0),0),"")} | F58: {=IFERROR(INDEX(Veisiejai!Q:Q,MATCH(C58,Veisiejai!E:E,0),0),"")} | G58: {=IFERROR(INDEX(Gdanskas!P:P,MATCH(C58,Gdanskas!C:C,0),0),"")} | H58: {=IFERROR(INDEX(Trakai!R:R,MATCH(C58,Trakai!E:E,0),0),"")} | I58: {=IFERROR(INDEX(Jonava!Q:Q,MATCH(C58,Jonava!E:E,0),0),"")} | J58: {=IFERROR(INDEX(Panevezys2!R:R,MATCH(C58,Panevezys2!E:E,0),0),"")} | K58: =IFERROR(INDEX(Skaudvile!Q:Q,MATCH(C58,Skaudvile!E:E,0),0),"") | L58: =IFERROR(INDEX(Moletai!Q:Q,MATCH(C58,Moletai!E:E,0),0),"") | N58: =COUNTIF(D58:M58,">0") -> 0 | O58: =SUM(D58:M58) -> 0 | P58: =O58/N58 -> #DIV/0! | Q58: {=IFERROR(SUMPRODUCT(LARGE(D58:M58,{1;2;3})),"0")} -> 0 | R58: =IFERROR(INDEX('Bendra įskaita (2025)'!A:A,MATCH(C58,'Bendra įskaita (2025)'!B:B,0),0),"") -> 30 | S58: =IFERROR(INDEX('Bendra įskaita (2025)'!K:K,MATCH(C58,'Bendra įskaita (2025)'!B:B,0),0),"") -> 1 | T58: =IFERROR(INDEX('Bendra įskaita (2024)'!A:A,MATCH(C58,'Bendra įskaita (2024)'!B:B,0),0),"") -> 24 | U58: =IFERROR(INDEX('Bendra įskaita (2024)'!L:L,MATCH(C58,'Bendra įskaita (2024)'!B:B,0),0),"") -> 1
A59: 50 | C59: Petras Katinas | D59: {=IFERROR(INDEX(Panevezys!P:P,MATCH(C59,Panevezys!E:E,0),0),"")} | E59: {=IFERROR(INDEX(Kaisiadorys!Q:Q,MATCH(C59,Kaisiadorys!E:E,0),0),"")} | F59: {=IFERROR(INDEX(Veisiejai!Q:Q,MATCH(C59,Veisiejai!E:E,0),0),"")} | G59: {=IFERROR(INDEX(Gdanskas!P:P,MATCH(C59,Gdanskas!C:C,0),0),"")} | H59: {=IFERROR(INDEX(Trakai!R:R,MATCH(C59,Trakai!E:E,0),0),"")} | I59: {=IFERROR(INDEX(Jonava!Q:Q,MATCH(C59,Jonava!E:E,0),0),"")} | J59: {=IFERROR(INDEX(Panevezys2!R:R,MATCH(C59,Panevezys2!E:E,0),0),"")} | K59: =IFERROR(INDEX(Skaudvile!Q:Q,MATCH(C59,Skaudvile!E:E,0),0),"") | L59: =IFERROR(INDEX(Moletai!Q:Q,MATCH(C59,Moletai!E:E,0),0),"") | N59: =COUNTIF(D59:M59,">0") -> 0 | O59: =SUM(D59:M59) -> 0 | P59: =O59/N59 -> #DIV/0! | Q59: {=IFERROR(SUMPRODUCT(LARGE(D59:M59,{1;2;3})),"0")} -> 0 | R59: =IFERROR(INDEX('Bendra įskaita (2025)'!A:A,MATCH(C59,'Bendra įskaita (2025)'!B:B,0),0),"") -> 32 | S59: =IFERROR(INDEX('Bendra įskaita (2025)'!K:K,MATCH(C59,'Bendra įskaita (2025)'!B:B,0),0),"") -> 1 | T59: =IFERROR(INDEX('Bendra įskaita (2024)'!A:A,MATCH(C59,'Bendra įskaita (2024)'!B:B,0),0),"") -> 84 | U59: =IFERROR(INDEX('Bendra įskaita (2024)'!L:L,MATCH(C59,'Bendra įskaita (2024)'!B:B,0),0),"") -> 0
A60: 50 | C60: Jevgenijus Tolstokorovas | D60: {=IFERROR(INDEX(Panevezys!P:P,MATCH(C60,Panevezys!E:E,0),0),"")} | E60: {=IFERROR(INDEX(Kaisiadorys!Q:Q,MATCH(C60,Kaisiadorys!E:E,0),0),"")} | F60: {=IFERROR(INDEX(Veisiejai!Q:Q,MATCH(C60,Veisiejai!E:E,0),0),"")} | G60: {=IFERROR(INDEX(Gdanskas!P:P,MATCH(C60,Gdanskas!C:C,0),0),"")} | H60: {=IFERROR(INDEX(Trakai!R:R,MATCH(C60,Trakai!E:E,0),0),"")} | I60: {=IFERROR(INDEX(Jonava!Q:Q,MATCH(C60,Jonava!E:E,0),0),"")} | J60: {=IFERROR(INDEX(Panevezys2!R:R,MATCH(C60,Panevezys2!E:E,0),0),"")} | K60: =IFERROR(INDEX(Skaudvile!Q:Q,MATCH(C60,Skaudvile!E:E,0),0),"") | L60: =IFERROR(INDEX(Moletai!Q:Q,MATCH(C60,Moletai!E:E,0),0),"") | N60: =COUNTIF(D60:M60,">0") -> 0 | O60: =SUM(D60:M60) -> 0 | P60: =O60/N60 -> #DIV/0! | Q60: {=IFERROR(SUMPRODUCT(LARGE(E60:M60,{1;2;3})),"0")} -> 0 | R60: =IFERROR(INDEX('Bendra įskaita (2025)'!A:A,MATCH(C60,'Bendra įskaita (2025)'!B:B,0),0),"") -> 33 | S60: =IFERROR(INDEX('Bendra įskaita (2025)'!K:K,MATCH(C60,'Bendra įskaita (2025)'!B:B,0),0),"") -> 1 | T60: =IFERROR(INDEX('Bendra įskaita (2024)'!A:A,MATCH(C60,'Bendra įskaita (2024)'!B:B,0),0),"") -> 70 | U60: =IFERROR(INDEX('Bendra įskaita (2024)'!L:L,MATCH(C60,'Bendra įskaita (2024)'!B:B,0),0),"") -> 0
A61: 50 | C61: Paulius Daukša | D61: {=IFERROR(INDEX(Panevezys!P:P,MATCH(C61,Panevezys!E:E,0),0),"")} | E61: {=IFERROR(INDEX(Kaisiadorys!Q:Q,MATCH(C61,Kaisiadorys!E:E,0),0),"")} | F61: {=IFERROR(INDEX(Veisiejai!Q:Q,MATCH(C61,Veisiejai!E:E,0),0),"")} | G61: {=IFERROR(INDEX(Gdanskas!P:P,MATCH(C61,Gdanskas!C:C,0),0),"")} | H61: {=IFERROR(INDEX(Trakai!R:R,MATCH(C61,Trakai!E:E,0),0),"")} | I61: {=IFERROR(INDEX(Jonava!Q:Q,MATCH(C61,Jonava!E:E,0),0),"")} | J61: {=IFERROR(INDEX(Panevezys2!R:R,MATCH(C61,Panevezys2!E:E,0),0),"")} | K61: =IFERROR(INDEX(Skaudvile!Q:Q,MATCH(C61,Skaudvile!E:E,0),0),"") | L61: =IFERROR(INDEX(Moletai!Q:Q,MATCH(C61,Moletai!E:E,0),0),"") | N61: =COUNTIF(D61:M61,">0") -> 0 | O61: =SUM(D61:M61) -> 0 | P61: =O61/N61 -> #DIV/0! | Q61: {=IFERROR(SUMPRODUCT(LARGE(D61:M61,{1;2;3})),"0")} -> 0 | R61: =IFERROR(INDEX('Bendra įskaita (2025)'!A:A,MATCH(C61,'Bendra įskaita (2025)'!B:B,0),0),"") -> 34 | S61: =IFERROR(INDEX('Bendra įskaita (2025)'!K:K,MATCH(C61,'Bendra įskaita (2025)'!B:B,0),0),"") -> 1 | T61: =IFERROR(INDEX('Bendra įskaita (2024)'!A:A,MATCH(C61,'Bendra įskaita (2024)'!B:B,0),0),"") -> 33 | U61: =IFERROR(INDEX('Bendra įskaita (2024)'!L:L,MATCH(C61,'Bendra įskaita (2024)'!B:B,0),0),"") -> 2
A62: 50 | C62: Darius Petraška | D62: {=IFERROR(INDEX(Panevezys!P:P,MATCH(C62,Panevezys!E:E,0),0),"")} | E62: {=IFERROR(INDEX(Kaisiadorys!Q:Q,MATCH(C62,Kaisiadorys!E:E,0),0),"")} | F62: {=IFERROR(INDEX(Veisiejai!Q:Q,MATCH(C62,Veisiejai!E:E,0),0),"")} | G62: {=IFERROR(INDEX(Gdanskas!P:P,MATCH(C62,Gdanskas!C:C,0),0),"")} | H62: {=IFERROR(INDEX(Trakai!R:R,MATCH(C62,Trakai!E:E,0),0),"")} | I62: {=IFERROR(INDEX(Jonava!Q:Q,MATCH(C62,Jonava!E:E,0),0),"")} | J62: {=IFERROR(INDEX(Panevezys2!R:R,MATCH(C62,Panevezys2!E:E,0),0),"")} | K62: =IFERROR(INDEX(Skaudvile!Q:Q,MATCH(C62,Skaudvile!E:E,0),0),"") | L62: =IFERROR(INDEX(Moletai!Q:Q,MATCH(C62,Moletai!E:E,0),0),"") | N62: =COUNTIF(D62:M62,">0") -> 0 | O62: =SUM(D62:M62) -> 0 | P62: =O62/N62 -> #DIV/0! | Q62: {=IFERROR(SUMPRODUCT(LARGE(E62:M62,{1;2;3})),"0")} -> 0 | R62: =IFERROR(INDEX('Bendra įskaita (2025)'!A:A,MATCH(C62,'Bendra įskaita (2025)'!B:B,0),0),"") -> 37 | S62: =IFERROR(INDEX('Bendra įskaita (2025)'!K:K,MATCH(C62,'Bendra įskaita (2025)'!B:B,0),0),"") -> 1
A63: 50 | C63: Raminta Dalgedaitė-Baškienė | D63: {=IFERROR(INDEX(Panevezys!P:P,MATCH(C63,Panevezys!E:E,0),0),"")} | E63: {=IFERROR(INDEX(Kaisiadorys!Q:Q,MATCH(C63,Kaisiadorys!E:E,0),0),"")} | F63: {=IFERROR(INDEX(Veisiejai!Q:Q,MATCH(C63,Veisiejai!E:E,0),0),"")} | G63: {=IFERROR(INDEX(Gdanskas!P:P,MATCH(C63,Gdanskas!C:C,0),0),"")} | H63: {=IFERROR(INDEX(Trakai!R:R,MATCH(C63,Trakai!E:E,0),0),"")} | I63: {=IFERROR(INDEX(Jonava!Q:Q,MATCH(C63,Jonava!E:E,0),0),"")} | J63: {=IFERROR(INDEX(Panevezys2!R:R,MATCH(C63,Panevezys2!E:E,0),0),"")} | K63: =IFERROR(INDEX(Skaudvile!Q:Q,MATCH(C63,Skaudvile!E:E,0),0),"") | L63: =IFERROR(INDEX(Moletai!Q:Q,MATCH(C63,Moletai!E:E,0),0),"") | N63: =COUNTIF(D63:M63,">0") -> 0 | O63: =SUM(D63:M63) -> 0 | P63: =O63/N63 -> #DIV/0! | Q63: {=IFERROR(SUMPRODUCT(LARGE(D63:M63,{1;2;3})),"0")} -> 0 | R63: =IFERROR(INDEX('Bendra įskaita (2025)'!A:A,MATCH(C63,'Bendra įskaita (2025)'!B:B,0),0),"") -> 38 | S63: =IFERROR(INDEX('Bendra įskaita (2025)'!K:K,MATCH(C63,'Bendra įskaita (2025)'!B:B,0),0),"") -> 1 | T63: =IFERROR(INDEX('Bendra įskaita (2024)'!A:A,MATCH(C63,'Bendra įskaita (2024)'!B:B,0),0),"") -> 42 | U63: =IFERROR(INDEX('Bendra įskaita (2024)'!L:L,MATCH(C63,'Bendra įskaita (2024)'!B:B,0),0),"") -> 1
A64: 50 | C64: Kęstutis Virbickas | D64: {=IFERROR(INDEX(Panevezys!P:P,MATCH(C64,Panevezys!E:E,0),0),"")} | E64: {=IFERROR(INDEX(Kaisiadorys!Q:Q,MATCH(C64,Kaisiadorys!E:E,0),0),"")} | F64: {=IFERROR(INDEX(Veisiejai!Q:Q,MATCH(C64,Veisiejai!E:E,0),0),"")} | G64: {=IFERROR(INDEX(Gdanskas!P:P,MATCH(C64,Gdanskas!C:C,0),0),"")} | H64: {=IFERROR(INDEX(Trakai!R:R,MATCH(C64,Trakai!E:E,0),0),"")} | I64: {=IFERROR(INDEX(Jonava!Q:Q,MATCH(C64,Jonava!E:E,0),0),"")} | J64: {=IFERROR(INDEX(Panevezys2!R:R,MATCH(C64,Panevezys2!E:E,0),0),"")} | K64: =IFERROR(INDEX(Skaudvile!Q:Q,MATCH(C64,Skaudvile!E:E,0),0),"") | L64: =IFERROR(INDEX(Moletai!Q:Q,MATCH(C64,Moletai!E:E,0),0),"") | N64: =COUNTIF(D64:M64,">0") -> 0 | O64: =SUM(D64:M64) -> 0 | P64: =O64/N64 -> #DIV/0! | Q64: {=IFERROR(SUMPRODUCT(LARGE(E64:M64,{1;2;3})),"0")} -> 0 | R64: =IFERROR(INDEX('Bendra įskaita (2025)'!A:A,MATCH(C64,'Bendra įskaita (2025)'!B:B,0),0),"") -> 41 | S64: =IFERROR(INDEX('Bendra įskaita (2025)'!K:K,MATCH(C64,'Bendra įskaita (2025)'!B:B,0),0),"") -> 2 | T64: =IFERROR(INDEX('Bendra įskaita (2024)'!A:A,MATCH(C64,'Bendra įskaita (2024)'!B:B,0),0),"") -> 36 | U64: =IFERROR(INDEX('Bendra įskaita (2024)'!L:L,MATCH(C64,'Bendra įskaita (2024)'!B:B,0),0),"") -> 1
A65: 50 | C65: Mindaugas Janulionis | D65: {=IFERROR(INDEX(Panevezys!P:P,MATCH(C65,Panevezys!E:E,0),0),"")} | E65: {=IFERROR(INDEX(Kaisiadorys!Q:Q,MATCH(C65,Kaisiadorys!E:E,0),0),"")} | F65: {=IFERROR(INDEX(Veisiejai!Q:Q,MATCH(C65,Veisiejai!E:E,0),0),"")} | G65: {=IFERROR(INDEX(Gdanskas!P:P,MATCH(C65,Gdanskas!C:C,0),0),"")} | H65: {=IFERROR(INDEX(Trakai!R:R,MATCH(C65,Trakai!E:E,0),0),"")} | I65: {=IFERROR(INDEX(Jonava!Q:Q,MATCH(C65,Jonava!E:E,0),0),"")} | J65: {=IFERROR(INDEX(Panevezys2!R:R,MATCH(C65,Panevezys2!E:E,0),0),"")} | K65: =IFERROR(INDEX(Skaudvile!Q:Q,MATCH(C65,Skaudvile!E:E,0),0),"") | L65: =IFERROR(INDEX(Moletai!Q:Q,MATCH(C65,Moletai!E:E,0),0),"") | N65: =COUNTIF(D65:M65,">0") -> 0 | O65: =SUM(D65:M65) -> 0 | P65: =O65/N65 -> #DIV/0! | Q65: {=IFERROR(SUMPRODUCT(LARGE(D65:M65,{1;2;3})),"0")} -> 0 | R65: =IFERROR(INDEX('Bendra įskaita (2025)'!A:A,MATCH(C65,'Bendra įskaita (2025)'!B:B,0),0),"") -> 51 | S65: =IFERROR(INDEX('Bendra įskaita (2025)'!K:K,MATCH(C65,'Bendra įskaita (2025)'!B:B,0),0),"") -> 0 | T65: =IFERROR(INDEX('Bendra įskaita (2024)'!A:A,MATCH(C65,'Bendra įskaita (2024)'!B:B,0),0),"") -> 5 | U65: =IFERROR(INDEX('Bendra įskaita (2024)'!L:L,MATCH(C65,'Bendra įskaita (2024)'!B:B,0),0),"") -> 5
A66: 50 | C66: Vitalis Gricius | D66: {=IFERROR(INDEX(Panevezys!P:P,MATCH(C66,Panevezys!E:E,0),0),"")} | E66: {=IFERROR(INDEX(Kaisiadorys!Q:Q,MATCH(C66,Kaisiadorys!E:E,0),0),"")} | F66: {=IFERROR(INDEX(Veisiejai!Q:Q,MATCH(C66,Veisiejai!E:E,0),0),"")} | G66: {=IFERROR(INDEX(Gdanskas!P:P,MATCH(C66,Gdanskas!C:C,0),0),"")} | H66: {=IFERROR(INDEX(Trakai!R:R,MATCH(C66,Trakai!E:E,0),0),"")} | I66: {=IFERROR(INDEX(Jonava!Q:Q,MATCH(C66,Jonava!E:E,0),0),"")} | J66: {=IFERROR(INDEX(Panevezys2!R:R,MATCH(C66,Panevezys2!E:E,0),0),"")} | K66: =IFERROR(INDEX(Skaudvile!Q:Q,MATCH(C66,Skaudvile!E:E,0),0),"") | L66: =IFERROR(INDEX(Moletai!Q:Q,MATCH(C66,Moletai!E:E,0),0),"") | N66: =COUNTIF(D66:M66,">0") -> 0 | O66: =SUM(D66:M66) -> 0 | P66: =O66/N66 -> #DIV/0! | Q66: {=IFERROR(SUMPRODUCT(LARGE(D66:M66,{1;2;3})),"0")} -> 0 | R66: =IFERROR(INDEX('Bendra įskaita (2025)'!A:A,MATCH(C66,'Bendra įskaita (2025)'!B:B,0),0),"") -> 50 | S66: =IFERROR(INDEX('Bendra įskaita (2025)'!K:K,MATCH(C66,'Bendra įskaita (2025)'!B:B,0),0),"") -> 0 | T66: =IFERROR(INDEX('Bendra įskaita (2024)'!A:A,MATCH(C66,'Bendra įskaita (2024)'!B:B,0),0),"") -> 18 | U66: =IFERROR(INDEX('Bendra įskaita (2024)'!L:L,MATCH(C66,'Bendra įskaita (2024)'!B:B,0),0),"") -> 3
A67: 50 | C67: Andrius Juodviršis | D67: {=IFERROR(INDEX(Panevezys!P:P,MATCH(C67,Panevezys!E:E,0),0),"")} | E67: {=IFERROR(INDEX(Kaisiadorys!Q:Q,MATCH(C67,Kaisiadorys!E:E,0),0),"")} | F67: {=IFERROR(INDEX(Veisiejai!Q:Q,MATCH(C67,Veisiejai!E:E,0),0),"")} | G67: {=IFERROR(INDEX(Gdanskas!P:P,MATCH(C67,Gdanskas!C:C,0),0),"")} | H67: {=IFERROR(INDEX(Trakai!R:R,MATCH(C67,Trakai!E:E,0),0),"")} | I67: {=IFERROR(INDEX(Jonava!Q:Q,MATCH(C67,Jonava!E:E,0),0),"")} | J67: {=IFERROR(INDEX(Panevezys2!R:R,MATCH(C67,Panevezys2!E:E,0),0),"")} | K67: =IFERROR(INDEX(Skaudvile!Q:Q,MATCH(C67,Skaudvile!E:E,0),0),"") | L67: =IFERROR(INDEX(Moletai!Q:Q,MATCH(C67,Moletai!E:E,0),0),"") | N67: =COUNTIF(D67:M67,">0") -> 0 | O67: =SUM(D67:M67) -> 0 | P67: =O67/N67 -> #DIV/0! | Q67: {=IFERROR(SUMPRODUCT(LARGE(D67:M67,{1;2;3})),"0")} -> 0 | R67: =IFERROR(INDEX('Bendra įskaita (2025)'!A:A,MATCH(C67,'Bendra įskaita (2025)'!B:B,0),0),"") -> 51 | S67: =IFERROR(INDEX('Bendra įskaita (2025)'!K:K,MATCH(C67,'Bendra įskaita (2025)'!B:B,0),0),"") -> 0 | T67: =IFERROR(INDEX('Bendra įskaita (2024)'!A:A,MATCH(C67,'Bendra įskaita (2024)'!B:B,0),0),"") -> 23 | U67: =IFERROR(INDEX('Bendra įskaita (2024)'!L:L,MATCH(C67,'Bendra įskaita (2024)'!B:B,0),0),"") -> 1
A68: 50 | C68: Laurynas Dovydaitis | D68: {=IFERROR(INDEX(Panevezys!P:P,MATCH(C68,Panevezys!E:E,0),0),"")} | E68: {=IFERROR(INDEX(Kaisiadorys!Q:Q,MATCH(C68,Kaisiadorys!E:E,0),0),"")} | F68: {=IFERROR(INDEX(Veisiejai!Q:Q,MATCH(C68,Veisiejai!E:E,0),0),"")} | G68: {=IFERROR(INDEX(Gdanskas!P:P,MATCH(C68,Gdanskas!C:C,0),0),"")} | H68: {=IFERROR(INDEX(Trakai!R:R,MATCH(C68,Trakai!E:E,0),0),"")} | I68: {=IFERROR(INDEX(Jonava!Q:Q,MATCH(C68,Jonava!E:E,0),0),"")} | J68: {=IFERROR(INDEX(Panevezys2!R:R,MATCH(C68,Panevezys2!E:E,0),0),"")} | K68: =IFERROR(INDEX(Skaudvile!Q:Q,MATCH(C68,Skaudvile!E:E,0),0),"") | L68: =IFERROR(INDEX(Moletai!Q:Q,MATCH(C68,Moletai!E:E,0),0),"") | N68: =COUNTIF(D68:M68,">0") -> 0 | O68: =SUM(D68:M68) -> 0 | P68: =O68/N68 -> #DIV/0! | Q68: {=IFERROR(SUMPRODUCT(LARGE(E68:M68,{1;2;3;4})),"0")} -> 0 | R68: =IFERROR(INDEX('Bendra įskaita (2025)'!A:A,MATCH(C68,'Bendra įskaita (2025)'!B:B,0),0),"") -> 51 | S68: =IFERROR(INDEX('Bendra įskaita (2025)'!K:K,MATCH(C68,'Bendra įskaita (2025)'!B:B,0),0),"") -> 0 | T68: =IFERROR(INDEX('Bendra įskaita (2024)'!A:A,MATCH(C68,'Bendra įskaita (2024)'!B:B,0),0),"") -> 25 | U68: =IFERROR(INDEX('Bendra įskaita (2024)'!L:L,MATCH(C68,'Bendra įskaita (2024)'!B:B,0),0),"") -> 1
A69: 50 | C69: Karolis Sutula | D69: {=IFERROR(INDEX(Panevezys!P:P,MATCH(C69,Panevezys!E:E,0),0),"")} | E69: {=IFERROR(INDEX(Kaisiadorys!Q:Q,MATCH(C69,Kaisiadorys!E:E,0),0),"")} | F69: {=IFERROR(INDEX(Veisiejai!Q:Q,MATCH(C69,Veisiejai!E:E,0),0),"")} | G69: {=IFERROR(INDEX(Gdanskas!P:P,MATCH(C69,Gdanskas!C:C,0),0),"")} | H69: {=IFERROR(INDEX(Trakai!R:R,MATCH(C69,Trakai!E:E,0),0),"")} | I69: {=IFERROR(INDEX(Jonava!Q:Q,MATCH(C69,Jonava!E:E,0),0),"")} | J69: {=IFERROR(INDEX(Panevezys2!R:R,MATCH(C69,Panevezys2!E:E,0),0),"")} | K69: =IFERROR(INDEX(Skaudvile!Q:Q,MATCH(C69,Skaudvile!E:E,0),0),"") | L69: =IFERROR(INDEX(Moletai!Q:Q,MATCH(C69,Moletai!E:E,0),0),"") | N69: =COUNTIF(D69:M69,">0") -> 0 | O69: =SUM(D69:M69) -> 0 | P69: =O69/N69 -> #DIV/0! | Q69: {=IFERROR(SUMPRODUCT(LARGE(E69:M69,{1;2;3})),"0")} -> 0 | R69: =IFERROR(INDEX('Bendra įskaita (2025)'!A:A,MATCH(C69,'Bendra įskaita (2025)'!B:B,0),0),"") -> 51 | S69: =IFERROR(INDEX('Bendra įskaita (2025)'!K:K,MATCH(C69,'Bendra įskaita (2025)'!B:B,0),0),"") -> 0 | T69: =IFERROR(INDEX('Bendra įskaita (2024)'!A:A,MATCH(C69,'Bendra įskaita (2024)'!B:B,0),0),"") -> 26 | U69: =IFERROR(INDEX('Bendra įskaita (2024)'!L:L,MATCH(C69,'Bendra įskaita (2024)'!B:B,0),0),"") -> 1
A70: 50 | C70: Arnas Šimonis | D70: {=IFERROR(INDEX(Panevezys!P:P,MATCH(C70,Panevezys!E:E,0),0),"")} | E70: {=IFERROR(INDEX(Kaisiadorys!Q:Q,MATCH(C70,Kaisiadorys!E:E,0),0),"")} | F70: {=IFERROR(INDEX(Veisiejai!Q:Q,MATCH(C70,Veisiejai!E:E,0),0),"")} | G70: {=IFERROR(INDEX(Gdanskas!P:P,MATCH(C70,Gdanskas!C:C,0),0),"")} | H70: {=IFERROR(INDEX(Trakai!R:R,MATCH(C70,Trakai!E:E,0),0),"")} | I70: {=IFERROR(INDEX(Jonava!Q:Q,MATCH(C70,Jonava!E:E,0),0),"")} | J70: {=IFERROR(INDEX(Panevezys2!R:R,MATCH(C70,Panevezys2!E:E,0),0),"")} | K70: =IFERROR(INDEX(Skaudvile!Q:Q,MATCH(C70,Skaudvile!E:E,0),0),"") | L70: =IFERROR(INDEX(Moletai!Q:Q,MATCH(C70,Moletai!E:E,0),0),"") | N70: =COUNTIF(D70:M70,">0") -> 0 | O70: =SUM(D70:M70) -> 0 | P70: =O70/N70 -> #DIV/0! | Q70: {=IFERROR(SUMPRODUCT(LARGE(E70:M70,{1;2;3})),"0")} -> 0 | R70: =IFERROR(INDEX('Bendra įskaita (2025)'!A:A,MATCH(C70,'Bendra įskaita (2025)'!B:B,0),0),"") -> 51 | S70: =IFERROR(INDEX('Bendra įskaita (2025)'!K:K,MATCH(C70,'Bendra įskaita (2025)'!B:B,0),0),"") -> 0 | T70: =IFERROR(INDEX('Bendra įskaita (2024)'!A:A,MATCH(C70,'Bendra įskaita (2024)'!B:B,0),0),"") -> 28 | U70: =IFERROR(INDEX('Bendra įskaita (2024)'!L:L,MATCH(C70,'Bendra įskaita (2024)'!B:B,0),0),"") -> 2
A71: 50 | C71: Jonas Kabelka | D71: {=IFERROR(INDEX(Panevezys!P:P,MATCH(C71,Panevezys!E:E,0),0),"")} | E71: {=IFERROR(INDEX(Kaisiadorys!Q:Q,MATCH(C71,Kaisiadorys!E:E,0),0),"")} | F71: {=IFERROR(INDEX(Veisiejai!Q:Q,MATCH(C71,Veisiejai!E:E,0),0),"")} | G71: {=IFERROR(INDEX(Gdanskas!P:P,MATCH(C71,Gdanskas!C:C,0),0),"")} | H71: {=IFERROR(INDEX(Trakai!R:R,MATCH(C71,Trakai!E:E,0),0),"")} | I71: {=IFERROR(INDEX(Jonava!Q:Q,MATCH(C71,Jonava!E:E,0),0),"")} | J71: {=IFERROR(INDEX(Panevezys2!R:R,MATCH(C71,Panevezys2!E:E,0),0),"")} | K71: =IFERROR(INDEX(Skaudvile!Q:Q,MATCH(C71,Skaudvile!E:E,0),0),"") | L71: =IFERROR(INDEX(Moletai!Q:Q,MATCH(C71,Moletai!E:E,0),0),"") | N71: =COUNTIF(D71:M71,">0") -> 0 | O71: =SUM(D71:M71) -> 0 | P71: =O71/N71 -> #DIV/0! | Q71: {=IFERROR(SUMPRODUCT(LARGE(E71:M71,{1;2;3})),"0")} -> 0 | R71: =IFERROR(INDEX('Bendra įskaita (2025)'!A:A,MATCH(C71,'Bendra įskaita (2025)'!B:B,0),0),"") -> 51 | S71: =IFERROR(INDEX('Bendra įskaita (2025)'!K:K,MATCH(C71,'Bendra įskaita (2025)'!B:B,0),0),"") -> 0 | T71: =IFERROR(INDEX('Bendra įskaita (2024)'!A:A,MATCH(C71,'Bendra įskaita (2024)'!B:B,0),0),"") -> 41 | U71: =IFERROR(INDEX('Bendra įskaita (2024)'!L:L,MATCH(C71,'Bendra įskaita (2024)'!B:B,0),0),"") -> 1
A72: 50 | C72: Mantas Šidlauskas | D72: {=IFERROR(INDEX(Panevezys!P:P,MATCH(C72,Panevezys!E:E,0),0),"")} | E72: {=IFERROR(INDEX(Kaisiadorys!Q:Q,MATCH(C72,Kaisiadorys!E:E,0),0),"")} | F72: {=IFERROR(INDEX(Veisiejai!Q:Q,MATCH(C72,Veisiejai!E:E,0),0),"")} | G72: {=IFERROR(INDEX(Gdanskas!P:P,MATCH(C72,Gdanskas!C:C,0),0),"")} | H72: {=IFERROR(INDEX(Trakai!R:R,MATCH(C72,Trakai!E:E,0),0),"")} | I72: {=IFERROR(INDEX(Jonava!Q:Q,MATCH(C72,Jonava!E:E,0),0),"")} | J72: {=IFERROR(INDEX(Panevezys2!R:R,MATCH(C72,Panevezys2!E:E,0),0),"")} | K72: =IFERROR(INDEX(Skaudvile!Q:Q,MATCH(C72,Skaudvile!E:E,0),0),"") | L72: =IFERROR(INDEX(Moletai!Q:Q,MATCH(C72,Moletai!E:E,0),0),"") | N72: =COUNTIF(D72:M72,">0") -> 0 | O72: =SUM(D72:M72) -> 0 | P72: =O72/N72 -> #DIV/0! | Q72: {=IFERROR(SUMPRODUCT(LARGE(D72:M72,{1;2;3})),"0")} -> 0 | R72: =IFERROR(INDEX('Bendra įskaita (2025)'!A:A,MATCH(C72,'Bendra įskaita (2025)'!B:B,0),0),"") -> 51 | S72: =IFERROR(INDEX('Bendra įskaita (2025)'!K:K,MATCH(C72,'Bendra įskaita (2025)'!B:B,0),0),"") -> 0 | T72: =IFERROR(INDEX('Bendra įskaita (2024)'!A:A,MATCH(C72,'Bendra įskaita (2024)'!B:B,0),0),"") -> 43 | U72: =IFERROR(INDEX('Bendra įskaita (2024)'!L:L,MATCH(C72,'Bendra įskaita (2024)'!B:B,0),0),"") -> 1
A73: 50 | C73: Audrius Trinka | D73: {=IFERROR(INDEX(Panevezys!P:P,MATCH(C73,Panevezys!E:E,0),0),"")} | E73: {=IFERROR(INDEX(Kaisiadorys!Q:Q,MATCH(C73,Kaisiadorys!E:E,0),0),"")} | F73: {=IFERROR(INDEX(Veisiejai!Q:Q,MATCH(C73,Veisiejai!E:E,0),0),"")} | G73: {=IFERROR(INDEX(Gdanskas!P:P,MATCH(C73,Gdanskas!C:C,0),0),"")} | H73: {=IFERROR(INDEX(Trakai!R:R,MATCH(C73,Trakai!E:E,0),0),"")} | I73: {=IFERROR(INDEX(Jonava!Q:Q,MATCH(C73,Jonava!E:E,0),0),"")} | J73: {=IFERROR(INDEX(Panevezys2!R:R,MATCH(C73,Panevezys2!E:E,0),0),"")} | K73: =IFERROR(INDEX(Skaudvile!Q:Q,MATCH(C73,Skaudvile!E:E,0),0),"") | L73: =IFERROR(INDEX(Moletai!Q:Q,MATCH(C73,Moletai!E:E,0),0),"") | N73: =COUNTIF(D73:M73,">0") -> 0 | O73: =SUM(D73:M73) -> 0 | P73: =O73/N73 -> #DIV/0! | Q73: {=IFERROR(SUMPRODUCT(LARGE(E73:M73,{1;2;3})),"0")} -> 0 | R73: =IFERROR(INDEX('Bendra įskaita (2025)'!A:A,MATCH(C73,'Bendra įskaita (2025)'!B:B,0),0),"") -> 51 | S73: =IFERROR(INDEX('Bendra įskaita (2025)'!K:K,MATCH(C73,'Bendra įskaita (2025)'!B:B,0),0),"") -> 0 | T73: =IFERROR(INDEX('Bendra įskaita (2024)'!A:A,MATCH(C73,'Bendra įskaita (2024)'!B:B,0),0),"") -> 45 | U73: =IFERROR(INDEX('Bendra įskaita (2024)'!L:L,MATCH(C73,'Bendra įskaita (2024)'!B:B,0),0),"") -> 1
A74: 50 | C74: Greta Burbulienė | D74: {=IFERROR(INDEX(Panevezys!P:P,MATCH(C74,Panevezys!E:E,0),0),"")} | E74: {=IFERROR(INDEX(Kaisiadorys!Q:Q,MATCH(C74,Kaisiadorys!E:E,0),0),"")} | F74: {=IFERROR(INDEX(Veisiejai!Q:Q,MATCH(C74,Veisiejai!E:E,0),0),"")} | G74: {=IFERROR(INDEX(Gdanskas!P:P,MATCH(C74,Gdanskas!C:C,0),0),"")} | H74: {=IFERROR(INDEX(Trakai!R:R,MATCH(C74,Trakai!E:E,0),0),"")} | I74: {=IFERROR(INDEX(Jonava!Q:Q,MATCH(C74,Jonava!E:E,0),0),"")} | J74: {=IFERROR(INDEX(Panevezys2!R:R,MATCH(C74,Panevezys2!E:E,0),0),"")} | K74: =IFERROR(INDEX(Skaudvile!Q:Q,MATCH(C74,Skaudvile!E:E,0),0),"") | L74: =IFERROR(INDEX(Moletai!Q:Q,MATCH(C74,Moletai!E:E,0),0),"") | N74: =COUNTIF(D74:M74,">0") -> 0 | O74: =SUM(D74:M74) -> 0 | P74: =O74/N74 -> #DIV/0! | Q74: {=IFERROR(SUMPRODUCT(LARGE(E74:M74,{1;2;3})),"0")} -> 0 | R74: =IFERROR(INDEX('Bendra įskaita (2025)'!A:A,MATCH(C74,'Bendra įskaita (2025)'!B:B,0),0),"") -> 51 | S74: =IFERROR(INDEX('Bendra įskaita (2025)'!K:K,MATCH(C74,'Bendra įskaita (2025)'!B:B,0),0),"") -> 0
A75: 50 | C75: Marius Raila | D75: {=IFERROR(INDEX(Panevezys!P:P,MATCH(C75,Panevezys!E:E,0),0),"")} | E75: {=IFERROR(INDEX(Kaisiadorys!Q:Q,MATCH(C75,Kaisiadorys!E:E,0),0),"")} | F75: {=IFERROR(INDEX(Veisiejai!Q:Q,MATCH(C75,Veisiejai!E:E,0),0),"")} | G75: {=IFERROR(INDEX(Gdanskas!P:P,MATCH(C75,Gdanskas!C:C,0),0),"")} | H75: {=IFERROR(INDEX(Trakai!R:R,MATCH(C75,Trakai!E:E,0),0),"")} | I75: {=IFERROR(INDEX(Jonava!Q:Q,MATCH(C75,Jonava!E:E,0),0),"")} | J75: {=IFERROR(INDEX(Panevezys2!R:R,MATCH(C75,Panevezys2!E:E,0),0),"")} | K75: =IFERROR(INDEX(Skaudvile!Q:Q,MATCH(C75,Skaudvile!E:E,0),0),"") | L75: =IFERROR(INDEX(Moletai!Q:Q,MATCH(C75,Moletai!E:E,0),0),"") | N75: =COUNTIF(D75:M75,">0") -> 0 | O75: =SUM(D75:M75) -> 0 | P75: =O75/N75 -> #DIV/0! | Q75: {=IFERROR(SUMPRODUCT(LARGE(D75:M75,{1;2;3})),"0")} -> 0 | R75: =IFERROR(INDEX('Bendra įskaita (2025)'!A:A,MATCH(C75,'Bendra įskaita (2025)'!B:B,0),0),"") -> 51 | S75: =IFERROR(INDEX('Bendra įskaita (2025)'!K:K,MATCH(C75,'Bendra įskaita (2025)'!B:B,0),0),"") -> 0 | T75: =IFERROR(INDEX('Bendra įskaita (2024)'!A:A,MATCH(C75,'Bendra įskaita (2024)'!B:B,0),0),"") | U75: =IFERROR(INDEX('Bendra įskaita (2024)'!L:L,MATCH(C75,'Bendra įskaita (2024)'!B:B,0),0),"")
A76: 50 | C76: Rūta Juodvalkytė | D76: {=IFERROR(INDEX(Panevezys!P:P,MATCH(C76,Panevezys!E:E,0),0),"")} | E76: {=IFERROR(INDEX(Kaisiadorys!Q:Q,MATCH(C76,Kaisiadorys!E:E,0),0),"")} | F76: {=IFERROR(INDEX(Veisiejai!Q:Q,MATCH(C76,Veisiejai!E:E,0),0),"")} | G76: {=IFERROR(INDEX(Gdanskas!P:P,MATCH(C76,Gdanskas!C:C,0),0),"")} | H76: {=IFERROR(INDEX(Trakai!R:R,MATCH(C76,Trakai!E:E,0),0),"")} | I76: {=IFERROR(INDEX(Jonava!Q:Q,MATCH(C76,Jonava!E:E,0),0),"")} | J76: {=IFERROR(INDEX(Panevezys2!R:R,MATCH(C76,Panevezys2!E:E,0),0),"")} | K76: =IFERROR(INDEX(Skaudvile!Q:Q,MATCH(C76,Skaudvile!E:E,0),0),"") | L76: =IFERROR(INDEX(Moletai!Q:Q,MATCH(C76,Moletai!E:E,0),0),"") | N76: =COUNTIF(D76:M76,">0") -> 0 | O76: =SUM(D76:M76) -> 0 | P76: =O76/N76 -> #DIV/0! | Q76: {=IFERROR(SUMPRODUCT(LARGE(D76:M76,{1;2;3})),"0")} -> 0 | R76: =IFERROR(INDEX('Bendra įskaita (2025)'!A:A,MATCH(C76,'Bendra įskaita (2025)'!B:B,0),0),"") -> 51 | S76: =IFERROR(INDEX('Bendra įskaita (2025)'!K:K,MATCH(C76,'Bendra įskaita (2025)'!B:B,0),0),"") -> 0 | T76: =IFERROR(INDEX('Bendra įskaita (2024)'!A:A,MATCH(C76,'Bendra įskaita (2024)'!B:B,0),0),"") | U76: =IFERROR(INDEX('Bendra įskaita (2024)'!L:L,MATCH(C76,'Bendra įskaita (2024)'!B:B,0),0),"")
A77: 50 | C77: Aivaras Kiaušas | D77: {=IFERROR(INDEX(Panevezys!P:P,MATCH(C77,Panevezys!E:E,0),0),"")} | E77: {=IFERROR(INDEX(Kaisiadorys!Q:Q,MATCH(C77,Kaisiadorys!E:E,0),0),"")} | F77: {=IFERROR(INDEX(Veisiejai!Q:Q,MATCH(C77,Veisiejai!E:E,0),0),"")} | G77: {=IFERROR(INDEX(Gdanskas!P:P,MATCH(C77,Gdanskas!C:C,0),0),"")} | H77: {=IFERROR(INDEX(Trakai!R:R,MATCH(C77,Trakai!E:E,0),0),"")} | I77: {=IFERROR(INDEX(Jonava!Q:Q,MATCH(C77,Jonava!E:E,0),0),"")} | J77: {=IFERROR(INDEX(Panevezys2!R:R,MATCH(C77,Panevezys2!E:E,0),0),"")} | K77: =IFERROR(INDEX(Skaudvile!Q:Q,MATCH(C77,Skaudvile!E:E,0),0),"") | L77: =IFERROR(INDEX(Moletai!Q:Q,MATCH(C77,Moletai!E:E,0),0),"") | N77: =COUNTIF(D77:M77,">0") -> 0 | O77: =SUM(D77:M77) -> 0 | P77: =O77/N77 -> #DIV/0! | Q77: {=IFERROR(SUMPRODUCT(LARGE(D77:M77,{1;2;3})),"0")} -> 0 | R77: =IFERROR(INDEX('Bendra įskaita (2025)'!A:A,MATCH(C77,'Bendra įskaita (2025)'!B:B,0),0),"") -> 51 | S77: =IFERROR(INDEX('Bendra įskaita (2025)'!K:K,MATCH(C79,'Bendra įskaita (2025)'!B:B,0),0),"") -> 0 | T77: =IFERROR(INDEX('Bendra įskaita (2024)'!A:A,MATCH(C79,'Bendra įskaita (2024)'!B:B,0),0),"") -> 52 | U77: =IFERROR(INDEX('Bendra įskaita (2024)'!L:L,MATCH(C79,'Bendra įskaita (2024)'!B:B,0),0),"") -> 0
A78: 50 | C78: Algirdas Klimavičius | D78: {=IFERROR(INDEX(Panevezys!P:P,MATCH(C78,Panevezys!E:E,0),0),"")} | E78: {=IFERROR(INDEX(Kaisiadorys!Q:Q,MATCH(C78,Kaisiadorys!E:E,0),0),"")} | F78: {=IFERROR(INDEX(Veisiejai!Q:Q,MATCH(C78,Veisiejai!E:E,0),0),"")} | G78: {=IFERROR(INDEX(Gdanskas!P:P,MATCH(C78,Gdanskas!C:C,0),0),"")} | H78: {=IFERROR(INDEX(Trakai!R:R,MATCH(C78,Trakai!E:E,0),0),"")} | I78: {=IFERROR(INDEX(Jonava!Q:Q,MATCH(C78,Jonava!E:E,0),0),"")} | J78: {=IFERROR(INDEX(Panevezys2!R:R,MATCH(C78,Panevezys2!E:E,0),0),"")} | K78: =IFERROR(INDEX(Skaudvile!Q:Q,MATCH(C78,Skaudvile!E:E,0),0),"") | L78: =IFERROR(INDEX(Moletai!Q:Q,MATCH(C78,Moletai!E:E,0),0),"") | N78: =COUNTIF(D78:M78,">0") -> 0 | O78: =SUM(D78:M78) -> 0 | P78: =O78/N78 -> #DIV/0! | Q78: {=IFERROR(SUMPRODUCT(LARGE(D78:M78,{1;2;3})),"0")} -> 0 | R78: =IFERROR(INDEX('Bendra įskaita (2025)'!A:A,MATCH(C78,'Bendra įskaita (2025)'!B:B,0),0),"") -> 51 | S78: =IFERROR(INDEX('Bendra įskaita (2025)'!K:K,MATCH(C80,'Bendra įskaita (2025)'!B:B,0),0),"") -> 0 | T78: =IFERROR(INDEX('Bendra įskaita (2024)'!A:A,MATCH(C80,'Bendra įskaita (2024)'!B:B,0),0),"") -> 53 | U78: =IFERROR(INDEX('Bendra įskaita (2024)'!L:L,MATCH(C80,'Bendra įskaita (2024)'!B:B,0),0),"") -> 0
A79: 50 | C79: Andrius Paliunis | D79: {=IFERROR(INDEX(Panevezys!P:P,MATCH(C79,Panevezys!E:E,0),0),"")} | E79: {=IFERROR(INDEX(Kaisiadorys!Q:Q,MATCH(C79,Kaisiadorys!E:E,0),0),"")} | F79: {=IFERROR(INDEX(Veisiejai!Q:Q,MATCH(C79,Veisiejai!E:E,0),0),"")} | G79: {=IFERROR(INDEX(Gdanskas!P:P,MATCH(C79,Gdanskas!C:C,0),0),"")} | H79: {=IFERROR(INDEX(Trakai!R:R,MATCH(C79,Trakai!E:E,0),0),"")} | I79: {=IFERROR(INDEX(Jonava!Q:Q,MATCH(C79,Jonava!E:E,0),0),"")} | J79: {=IFERROR(INDEX(Panevezys2!R:R,MATCH(C79,Panevezys2!E:E,0),0),"")} | K79: =IFERROR(INDEX(Skaudvile!Q:Q,MATCH(C79,Skaudvile!E:E,0),0),"") | L79: =IFERROR(INDEX(Moletai!Q:Q,MATCH(C79,Moletai!E:E,0),0),"") | N79: =COUNTIF(D79:M79,">0") -> 0 | O79: =SUM(D79:M79) -> 0 | P79: =O79/N79 -> #DIV/0! | Q79: {=IFERROR(SUMPRODUCT(LARGE(D79:M79,{1;2;3})),"0")} -> 0 | R79: =IFERROR(INDEX('Bendra įskaita (2025)'!A:A,MATCH(C79,'Bendra įskaita (2025)'!B:B,0),0),"") -> 51 | S79: =IFERROR(INDEX('Bendra įskaita (2025)'!K:K,MATCH(C81,'Bendra įskaita (2025)'!B:B,0),0),"") -> 0 | T79: =IFERROR(INDEX('Bendra įskaita (2024)'!A:A,MATCH(C81,'Bendra įskaita (2024)'!B:B,0),0),"") -> 54 | U79: =IFERROR(INDEX('Bendra įskaita (2024)'!L:L,MATCH(C81,'Bendra įskaita (2024)'!B:B,0),0),"") -> 0
A80: 50 | C80: Andrius Pėstininkas | D80: {=IFERROR(INDEX(Panevezys!P:P,MATCH(C80,Panevezys!E:E,0),0),"")} | E80: {=IFERROR(INDEX(Kaisiadorys!Q:Q,MATCH(C80,Kaisiadorys!E:E,0),0),"")} | F80: {=IFERROR(INDEX(Veisiejai!Q:Q,MATCH(C80,Veisiejai!E:E,0),0),"")} | G80: {=IFERROR(INDEX(Gdanskas!P:P,MATCH(C80,Gdanskas!C:C,0),0),"")} | H80: {=IFERROR(INDEX(Trakai!R:R,MATCH(C80,Trakai!E:E,0),0),"")} | I80: {=IFERROR(INDEX(Jonava!Q:Q,MATCH(C80,Jonava!E:E,0),0),"")} | J80: {=IFERROR(INDEX(Panevezys2!R:R,MATCH(C80,Panevezys2!E:E,0),0),"")} | K80: =IFERROR(INDEX(Skaudvile!Q:Q,MATCH(C80,Skaudvile!E:E,0),0),"") | L80: =IFERROR(INDEX(Moletai!Q:Q,MATCH(C80,Moletai!E:E,0),0),"") | N80: =COUNTIF(D80:M80,">0") -> 0 | O80: =SUM(D80:M80) -> 0 | P80: =O80/N80 -> #DIV/0! | Q80: {=IFERROR(SUMPRODUCT(LARGE(E80:M80,{1;2;3})),"0")} -> 0 | R80: =IFERROR(INDEX('Bendra įskaita (2025)'!A:A,MATCH(C80,'Bendra įskaita (2025)'!B:B,0),0),"") -> 51 | S80: =IFERROR(INDEX('Bendra įskaita (2025)'!K:K,MATCH(C82,'Bendra įskaita (2025)'!B:B,0),0),"") -> 0 | T80: =IFERROR(INDEX('Bendra įskaita (2024)'!A:A,MATCH(C82,'Bendra įskaita (2024)'!B:B,0),0),"") -> 55 | U80: =IFERROR(INDEX('Bendra įskaita (2024)'!L:L,MATCH(C82,'Bendra įskaita (2024)'!B:B,0),0),"") -> 0
A81: 50 | C81: Anna Kiaušas | D81: {=IFERROR(INDEX(Panevezys!P:P,MATCH(C81,Panevezys!E:E,0),0),"")} | E81: {=IFERROR(INDEX(Kaisiadorys!Q:Q,MATCH(C81,Kaisiadorys!E:E,0),0),"")} | F81: {=IFERROR(INDEX(Veisiejai!Q:Q,MATCH(C81,Veisiejai!E:E,0),0),"")} | G81: {=IFERROR(INDEX(Gdanskas!P:P,MATCH(C81,Gdanskas!C:C,0),0),"")} | H81: {=IFERROR(INDEX(Trakai!R:R,MATCH(C81,Trakai!E:E,0),0),"")} | I81: {=IFERROR(INDEX(Jonava!Q:Q,MATCH(C81,Jonava!E:E,0),0),"")} | J81: {=IFERROR(INDEX(Panevezys2!R:R,MATCH(C81,Panevezys2!E:E,0),0),"")} | K81: =IFERROR(INDEX(Skaudvile!Q:Q,MATCH(C81,Skaudvile!E:E,0),0),"") | L81: =IFERROR(INDEX(Moletai!Q:Q,MATCH(C81,Moletai!E:E,0),0),"") | N81: =COUNTIF(D81:M81,">0") -> 0 | O81: =SUM(D81:M81) -> 0 | P81: =O81/N81 -> #DIV/0! | Q81: {=IFERROR(SUMPRODUCT(LARGE(E81:M81,{1;2;3})),"0")} -> 0 | R81: =IFERROR(INDEX('Bendra įskaita (2025)'!A:A,MATCH(C81,'Bendra įskaita (2025)'!B:B,0),0),"") -> 51 | S81: =IFERROR(INDEX('Bendra įskaita (2025)'!K:K,MATCH(C78,'Bendra įskaita (2025)'!B:B,0),0),"") -> 0 | T81: =IFERROR(INDEX('Bendra įskaita (2024)'!A:A,MATCH(C78,'Bendra įskaita (2024)'!B:B,0),0),"") -> 51 | U81: =IFERROR(INDEX('Bendra įskaita (2024)'!L:L,MATCH(C78,'Bendra įskaita (2024)'!B:B,0),0),"") -> 0
A82: 50 | C82: Arnas Jurskis | D82: {=IFERROR(INDEX(Panevezys!P:P,MATCH(C82,Panevezys!E:E,0),0),"")} | E82: {=IFERROR(INDEX(Kaisiadorys!Q:Q,MATCH(C82,Kaisiadorys!E:E,0),0),"")} | F82: {=IFERROR(INDEX(Veisiejai!Q:Q,MATCH(C82,Veisiejai!E:E,0),0),"")} | G82: {=IFERROR(INDEX(Gdanskas!P:P,MATCH(C82,Gdanskas!C:C,0),0),"")} | H82: {=IFERROR(INDEX(Trakai!R:R,MATCH(C82,Trakai!E:E,0),0),"")} | I82: {=IFERROR(INDEX(Jonava!Q:Q,MATCH(C82,Jonava!E:E,0),0),"")} | J82: {=IFERROR(INDEX(Panevezys2!R:R,MATCH(C82,Panevezys2!E:E,0),0),"")} | K82: =IFERROR(INDEX(Skaudvile!Q:Q,MATCH(C82,Skaudvile!E:E,0),0),"") | L82: =IFERROR(INDEX(Moletai!Q:Q,MATCH(C82,Moletai!E:E,0),0),"") | N82: =COUNTIF(D82:M82,">0") -> 0 | O82: =SUM(D82:M82) -> 0 | P82: =O82/N82 -> #DIV/0! | Q82: {=IFERROR(SUMPRODUCT(LARGE(E82:M82,{1;2;3})),"0")} -> 0 | R82: =IFERROR(INDEX('Bendra įskaita (2025)'!A:A,MATCH(C82,'Bendra įskaita (2025)'!B:B,0),0),"") -> 51 | S82: =IFERROR(INDEX('Bendra įskaita (2025)'!K:K,MATCH(C77,'Bendra įskaita (2025)'!B:B,0),0),"") -> 0 | T82: =IFERROR(INDEX('Bendra įskaita (2024)'!A:A,MATCH(C77,'Bendra įskaita (2024)'!B:B,0),0),"") -> 50 | U82: =IFERROR(INDEX('Bendra įskaita (2024)'!L:L,MATCH(C77,'Bendra įskaita (2024)'!B:B,0),0),"") -> 0
A83: 50 | C83: Darius Skusevičius | D83: {=IFERROR(INDEX(Panevezys!P:P,MATCH(C83,Panevezys!E:E,0),0),"")} | E83: {=IFERROR(INDEX(Kaisiadorys!Q:Q,MATCH(C83,Kaisiadorys!E:E,0),0),"")} | F83: {=IFERROR(INDEX(Veisiejai!Q:Q,MATCH(C83,Veisiejai!E:E,0),0),"")} | G83: {=IFERROR(INDEX(Gdanskas!P:P,MATCH(C83,Gdanskas!C:C,0),0),"")} | H83: {=IFERROR(INDEX(Trakai!R:R,MATCH(C83,Trakai!E:E,0),0),"")} | I83: {=IFERROR(INDEX(Jonava!Q:Q,MATCH(C83,Jonava!E:E,0),0),"")} | J83: {=IFERROR(INDEX(Panevezys2!R:R,MATCH(C83,Panevezys2!E:E,0),0),"")} | K83: =IFERROR(INDEX(Skaudvile!Q:Q,MATCH(C83,Skaudvile!E:E,0),0),"") | L83: =IFERROR(INDEX(Moletai!Q:Q,MATCH(C83,Moletai!E:E,0),0),"") | N83: =COUNTIF(D83:M83,">0") -> 0 | O83: =SUM(D83:M83) -> 0 | P83: =O83/N83 -> #DIV/0! | Q83: {=IFERROR(SUMPRODUCT(LARGE(D83:M83,{1;2;3})),"0")} -> 0 | R83: =IFERROR(INDEX('Bendra įskaita (2025)'!A:A,MATCH(C83,'Bendra įskaita (2025)'!B:B,0),0),"") -> 51 | S83: =IFERROR(INDEX('Bendra įskaita (2025)'!K:K,MATCH(C83,'Bendra įskaita (2025)'!B:B,0),0),"") -> 0 | T83: =IFERROR(INDEX('Bendra įskaita (2024)'!A:A,MATCH(C83,'Bendra įskaita (2024)'!B:B,0),0),"") -> 59 | U83: =IFERROR(INDEX('Bendra įskaita (2024)'!L:L,MATCH(C83,'Bendra įskaita (2024)'!B:B,0),0),"") -> 0
A84: 50 | C84: Edvinas Šatas | D84: {=IFERROR(INDEX(Panevezys!P:P,MATCH(C84,Panevezys!E:E,0),0),"")} | E84: {=IFERROR(INDEX(Kaisiadorys!Q:Q,MATCH(C84,Kaisiadorys!E:E,0),0),"")} | F84: {=IFERROR(INDEX(Veisiejai!Q:Q,MATCH(C84,Veisiejai!E:E,0),0),"")} | G84: {=IFERROR(INDEX(Gdanskas!P:P,MATCH(C84,Gdanskas!C:C,0),0),"")} | H84: {=IFERROR(INDEX(Trakai!R:R,MATCH(C84,Trakai!E:E,0),0),"")} | I84: {=IFERROR(INDEX(Jonava!Q:Q,MATCH(C84,Jonava!E:E,0),0),"")} | J84: {=IFERROR(INDEX(Panevezys2!R:R,MATCH(C84,Panevezys2!E:E,0),0),"")} | K84: =IFERROR(INDEX(Skaudvile!Q:Q,MATCH(C84,Skaudvile!E:E,0),0),"") | L84: =IFERROR(INDEX(Moletai!Q:Q,MATCH(C84,Moletai!E:E,0),0),"") | N84: =COUNTIF(D84:M84,">0") -> 0 | O84: =SUM(D84:M84) -> 0 | P84: =O84/N84 -> #DIV/0! | Q84: {=IFERROR(SUMPRODUCT(LARGE(D84:M84,{1;2;3})),"0")} -> 0 | R84: =IFERROR(INDEX('Bendra įskaita (2025)'!A:A,MATCH(C84,'Bendra įskaita (2025)'!B:B,0),0),"") -> 51 | S84: =IFERROR(INDEX('Bendra įskaita (2025)'!K:K,MATCH(C84,'Bendra įskaita (2025)'!B:B,0),0),"") -> 0 | T84: =IFERROR(INDEX('Bendra įskaita (2024)'!A:A,MATCH(C84,'Bendra įskaita (2024)'!B:B,0),0),"") -> 60 | U84: =IFERROR(INDEX('Bendra įskaita (2024)'!L:L,MATCH(C84,'Bendra įskaita (2024)'!B:B,0),0),"") -> 0
A85: 50 | C85: Igor Georgij Kozlovskij | D85: {=IFERROR(INDEX(Panevezys!P:P,MATCH(C85,Panevezys!E:E,0),0),"")} | E85: {=IFERROR(INDEX(Kaisiadorys!Q:Q,MATCH(C85,Kaisiadorys!E:E,0),0),"")} | F85: {=IFERROR(INDEX(Veisiejai!Q:Q,MATCH(C85,Veisiejai!E:E,0),0),"")} | G85: {=IFERROR(INDEX(Gdanskas!P:P,MATCH(C85,Gdanskas!C:C,0),0),"")} | H85: {=IFERROR(INDEX(Trakai!R:R,MATCH(C85,Trakai!E:E,0),0),"")} | I85: {=IFERROR(INDEX(Jonava!Q:Q,MATCH(C85,Jonava!E:E,0),0),"")} | J85: {=IFERROR(INDEX(Panevezys2!R:R,MATCH(C85,Panevezys2!E:E,0),0),"")} | K85: =IFERROR(INDEX(Skaudvile!Q:Q,MATCH(C85,Skaudvile!E:E,0),0),"") | L85: =IFERROR(INDEX(Moletai!Q:Q,MATCH(C85,Moletai!E:E,0),0),"") | N85: =COUNTIF(D85:M85,">0") -> 0 | O85: =SUM(D85:M85) -> 0 | P85: =O85/N85 -> #DIV/0! | Q85: {=IFERROR(SUMPRODUCT(LARGE(D85:M85,{1;2;3})),"0")} -> 0 | R85: =IFERROR(INDEX('Bendra įskaita (2025)'!A:A,MATCH(C85,'Bendra įskaita (2025)'!B:B,0),0),"") -> 51 | S85: =IFERROR(INDEX('Bendra įskaita (2025)'!K:K,MATCH(C85,'Bendra įskaita (2025)'!B:B,0),0),"") -> 0 | T85: =IFERROR(INDEX('Bendra įskaita (2024)'!A:A,MATCH(C85,'Bendra įskaita (2024)'!B:B,0),0),"") -> 65 | U85: =IFERROR(INDEX('Bendra įskaita (2024)'!L:L,MATCH(C85,'Bendra įskaita (2024)'!B:B,0),0),"") -> 0
A86: 50 | C86: Indrė Staražinskaitė | D86: {=IFERROR(INDEX(Panevezys!P:P,MATCH(C86,Panevezys!E:E,0),0),"")} | E86: {=IFERROR(INDEX(Kaisiadorys!Q:Q,MATCH(C86,Kaisiadorys!E:E,0),0),"")} | F86: {=IFERROR(INDEX(Veisiejai!Q:Q,MATCH(C86,Veisiejai!E:E,0),0),"")} | G86: {=IFERROR(INDEX(Gdanskas!P:P,MATCH(C86,Gdanskas!C:C,0),0),"")} | H86: {=IFERROR(INDEX(Trakai!R:R,MATCH(C86,Trakai!E:E,0),0),"")} | I86: {=IFERROR(INDEX(Jonava!Q:Q,MATCH(C86,Jonava!E:E,0),0),"")} | J86: {=IFERROR(INDEX(Panevezys2!R:R,MATCH(C86,Panevezys2!E:E,0),0),"")} | K86: =IFERROR(INDEX(Skaudvile!Q:Q,MATCH(C86,Skaudvile!E:E,0),0),"") | L86: =IFERROR(INDEX(Moletai!Q:Q,MATCH(C86,Moletai!E:E,0),0),"") | N86: =COUNTIF(D86:M86,">0") -> 0 | O86: =SUM(D86:M86) -> 0 | P86: =O86/N86 -> #DIV/0! | Q86: {=IFERROR(SUMPRODUCT(LARGE(D86:M86,{1;2;3})),"0")} -> 0 | R86: =IFERROR(INDEX('Bendra įskaita (2025)'!A:A,MATCH(C86,'Bendra įskaita (2025)'!B:B,0),0),"") -> 51 | S86: =IFERROR(INDEX('Bendra įskaita (2025)'!K:K,MATCH(C86,'Bendra įskaita (2025)'!B:B,0),0),"") -> 0 | T86: =IFERROR(INDEX('Bendra įskaita (2024)'!A:A,MATCH(C86,'Bendra įskaita (2024)'!B:B,0),0),"") -> 66 | U86: =IFERROR(INDEX('Bendra įskaita (2024)'!L:L,MATCH(C86,'Bendra įskaita (2024)'!B:B,0),0),"") -> 0
A87: 50 | C87: Inga Paplauskė | D87: {=IFERROR(INDEX(Panevezys!P:P,MATCH(C87,Panevezys!E:E,0),0),"")} | E87: {=IFERROR(INDEX(Kaisiadorys!Q:Q,MATCH(C87,Kaisiadorys!E:E,0),0),"")} | F87: {=IFERROR(INDEX(Veisiejai!Q:Q,MATCH(C87,Veisiejai!E:E,0),0),"")} | G87: {=IFERROR(INDEX(Gdanskas!P:P,MATCH(C87,Gdanskas!C:C,0),0),"")} | H87: {=IFERROR(INDEX(Trakai!R:R,MATCH(C87,Trakai!E:E,0),0),"")} | I87: {=IFERROR(INDEX(Jonava!Q:Q,MATCH(C87,Jonava!E:E,0),0),"")} | J87: {=IFERROR(INDEX(Panevezys2!R:R,MATCH(C87,Panevezys2!E:E,0),0),"")} | K87: =IFERROR(INDEX(Skaudvile!Q:Q,MATCH(C87,Skaudvile!E:E,0),0),"") | L87: =IFERROR(INDEX(Moletai!Q:Q,MATCH(C87,Moletai!E:E,0),0),"") | N87: =COUNTIF(D87:M87,">0") -> 0 | O87: =SUM(D87:M87) -> 0 | P87: =O87/N87 -> #DIV/0! | Q87: {=IFERROR(SUMPRODUCT(LARGE(D87:M87,{1;2;3})),"0")} -> 0 | R87: =IFERROR(INDEX('Bendra įskaita (2025)'!A:A,MATCH(C87,'Bendra įskaita (2025)'!B:B,0),0),"") -> 51 | S87: =IFERROR(INDEX('Bendra įskaita (2025)'!K:K,MATCH(C87,'Bendra įskaita (2025)'!B:B,0),0),"") -> 0 | T87: =IFERROR(INDEX('Bendra įskaita (2024)'!A:A,MATCH(C87,'Bendra įskaita (2024)'!B:B,0),0),"") -> 67 | U87: =IFERROR(INDEX('Bendra įskaita (2024)'!L:L,MATCH(C87,'Bendra įskaita (2024)'!B:B,0),0),"") -> 0
A88: 50 | C88: Jurgita Lukšaitė | D88: {=IFERROR(INDEX(Panevezys!P:P,MATCH(C88,Panevezys!E:E,0),0),"")} | E88: {=IFERROR(INDEX(Kaisiadorys!Q:Q,MATCH(C88,Kaisiadorys!E:E,0),0),"")} | F88: {=IFERROR(INDEX(Veisiejai!Q:Q,MATCH(C88,Veisiejai!E:E,0),0),"")} | G88: {=IFERROR(INDEX(Gdanskas!P:P,MATCH(C88,Gdanskas!C:C,0),0),"")} | H88: {=IFERROR(INDEX(Trakai!R:R,MATCH(C88,Trakai!E:E,0),0),"")} | I88: {=IFERROR(INDEX(Jonava!Q:Q,MATCH(C88,Jonava!E:E,0),0),"")} | J88: {=IFERROR(INDEX(Panevezys2!R:R,MATCH(C88,Panevezys2!E:E,0),0),"")} | K88: =IFERROR(INDEX(Skaudvile!Q:Q,MATCH(C88,Skaudvile!E:E,0),0),"") | L88: =IFERROR(INDEX(Moletai!Q:Q,MATCH(C88,Moletai!E:E,0),0),"") | N88: =COUNTIF(D88:M88,">0") -> 0 | O88: =SUM(D88:M88) -> 0 | P88: =O88/N88 -> #DIV/0! | Q88: {=IFERROR(SUMPRODUCT(LARGE(D88:M88,{1;2;3})),"0")} -> 0 | R88: =IFERROR(INDEX('Bendra įskaita (2025)'!A:A,MATCH(C88,'Bendra įskaita (2025)'!B:B,0),0),"") -> 51 | S88: =IFERROR(INDEX('Bendra įskaita (2025)'!K:K,MATCH(C88,'Bendra įskaita (2025)'!B:B,0),0),"") -> 0 | T88: 73 | U88: 0
A89: 50 | C89: Kotryna Vasiliauskė | D89: {=IFERROR(INDEX(Panevezys!P:P,MATCH(C89,Panevezys!E:E,0),0),"")} | E89: {=IFERROR(INDEX(Kaisiadorys!Q:Q,MATCH(C89,Kaisiadorys!E:E,0),0),"")} | F89: {=IFERROR(INDEX(Veisiejai!Q:Q,MATCH(C89,Veisiejai!E:E,0),0),"")} | G89: {=IFERROR(INDEX(Gdanskas!P:P,MATCH(C89,Gdanskas!C:C,0),0),"")} | H89: {=IFERROR(INDEX(Trakai!R:R,MATCH(C89,Trakai!E:E,0),0),"")} | I89: {=IFERROR(INDEX(Jonava!Q:Q,MATCH(C89,Jonava!E:E,0),0),"")} | J89: {=IFERROR(INDEX(Panevezys2!R:R,MATCH(C89,Panevezys2!E:E,0),0),"")} | K89: =IFERROR(INDEX(Skaudvile!Q:Q,MATCH(C89,Skaudvile!E:E,0),0),"") | L89: =IFERROR(INDEX(Moletai!Q:Q,MATCH(C89,Moletai!E:E,0),0),"") | N89: =COUNTIF(D89:M89,">0") -> 0 | O89: =SUM(D89:M89) -> 0 | P89: =O89/N89 -> #DIV/0! | Q89: {=IFERROR(SUMPRODUCT(LARGE(D89:M89,{1;2;3})),"0")} -> 0 | R89: =IFERROR(INDEX('Bendra įskaita (2025)'!A:A,MATCH(C89,'Bendra įskaita (2025)'!B:B,0),0),"") -> 51 | S89: =IFERROR(INDEX('Bendra įskaita (2025)'!K:K,MATCH(C89,'Bendra įskaita (2025)'!B:B,0),0),"") -> 0 | T89: =IFERROR(INDEX('Bendra įskaita (2024)'!A:A,MATCH(C89,'Bendra įskaita (2024)'!B:B,0),0),"") -> 74 | U89: =IFERROR(INDEX('Bendra įskaita (2024)'!L:L,MATCH(C89,'Bendra įskaita (2024)'!B:B,0),0),"") -> 0
A90: 50 | C90: Lilija Komolenkova | D90: {=IFERROR(INDEX(Panevezys!P:P,MATCH(C90,Panevezys!E:E,0),0),"")} | E90: {=IFERROR(INDEX(Kaisiadorys!Q:Q,MATCH(C90,Kaisiadorys!E:E,0),0),"")} | F90: {=IFERROR(INDEX(Veisiejai!Q:Q,MATCH(C90,Veisiejai!E:E,0),0),"")} | G90: {=IFERROR(INDEX(Gdanskas!P:P,MATCH(C90,Gdanskas!C:C,0),0),"")} | H90: {=IFERROR(INDEX(Trakai!R:R,MATCH(C90,Trakai!E:E,0),0),"")} | I90: {=IFERROR(INDEX(Jonava!Q:Q,MATCH(C90,Jonava!E:E,0),0),"")} | J90: {=IFERROR(INDEX(Panevezys2!R:R,MATCH(C90,Panevezys2!E:E,0),0),"")} | K90: =IFERROR(INDEX(Skaudvile!Q:Q,MATCH(C90,Skaudvile!E:E,0),0),"") | L90: =IFERROR(INDEX(Moletai!Q:Q,MATCH(C90,Moletai!E:E,0),0),"") | N90: =COUNTIF(D90:M90,">0") -> 0 | O90: =SUM(D90:M90) -> 0 | P90: =O90/N90 -> #DIV/0! | Q90: {=IFERROR(SUMPRODUCT(LARGE(E90:M90,{1;2;3})),"0")} -> 0 | R90: =IFERROR(INDEX('Bendra įskaita (2025)'!A:A,MATCH(C90,'Bendra įskaita (2025)'!B:B,0),0),"") -> 51 | S90: =IFERROR(INDEX('Bendra įskaita (2025)'!K:K,MATCH(C90,'Bendra įskaita (2025)'!B:B,0),0),"") -> 0 | T90: =IFERROR(INDEX('Bendra įskaita (2024)'!A:A,MATCH(C90,'Bendra įskaita (2024)'!B:B,0),0),"") -> 75 | U90: =IFERROR(INDEX('Bendra įskaita (2024)'!L:L,MATCH(C90,'Bendra įskaita (2024)'!B:B,0),0),"") -> 0
A91: 50 | C91: Linas Tarasonis | D91: {=IFERROR(INDEX(Panevezys!P:P,MATCH(C91,Panevezys!E:E,0),0),"")} | E91: {=IFERROR(INDEX(Kaisiadorys!Q:Q,MATCH(C91,Kaisiadorys!E:E,0),0),"")} | F91: {=IFERROR(INDEX(Veisiejai!Q:Q,MATCH(C91,Veisiejai!E:E,0),0),"")} | G91: {=IFERROR(INDEX(Gdanskas!P:P,MATCH(C91,Gdanskas!C:C,0),0),"")} | H91: {=IFERROR(INDEX(Trakai!R:R,MATCH(C91,Trakai!E:E,0),0),"")} | I91: {=IFERROR(INDEX(Jonava!Q:Q,MATCH(C91,Jonava!E:E,0),0),"")} | J91: {=IFERROR(INDEX(Panevezys2!R:R,MATCH(C91,Panevezys2!E:E,0),0),"")} | K91: =IFERROR(INDEX(Skaudvile!Q:Q,MATCH(C91,Skaudvile!E:E,0),0),"") | L91: =IFERROR(INDEX(Moletai!Q:Q,MATCH(C91,Moletai!E:E,0),0),"") | N91: =COUNTIF(D91:M91,">0") -> 0 | O91: =SUM(D91:M91) -> 0 | P91: =O91/N91 -> #DIV/0! | Q91: {=IFERROR(SUMPRODUCT(LARGE(D91:M91,{1;2;3})),"0")} -> 0 | R91: =IFERROR(INDEX('Bendra įskaita (2025)'!A:A,MATCH(C91,'Bendra įskaita (2025)'!B:B,0),0),"") -> 51 | S91: =IFERROR(INDEX('Bendra įskaita (2025)'!K:K,MATCH(C91,'Bendra įskaita (2025)'!B:B,0),0),"") -> 0 | T91: =IFERROR(INDEX('Bendra įskaita (2024)'!A:A,MATCH(C91,'Bendra įskaita (2024)'!B:B,0),0),"") -> 77 | U91: =IFERROR(INDEX('Bendra įskaita (2024)'!L:L,MATCH(C91,'Bendra įskaita (2024)'!B:B,0),0),"") -> 0
A92: 50 | C92: Mantas Juozulevičius | D92: {=IFERROR(INDEX(Panevezys!P:P,MATCH(C92,Panevezys!E:E,0),0),"")} | E92: {=IFERROR(INDEX(Kaisiadorys!Q:Q,MATCH(C92,Kaisiadorys!E:E,0),0),"")} | F92: {=IFERROR(INDEX(Veisiejai!Q:Q,MATCH(C92,Veisiejai!E:E,0),0),"")} | G92: {=IFERROR(INDEX(Gdanskas!P:P,MATCH(C92,Gdanskas!C:C,0),0),"")} | H92: {=IFERROR(INDEX(Trakai!R:R,MATCH(C92,Trakai!E:E,0),0),"")} | I92: {=IFERROR(INDEX(Jonava!Q:Q,MATCH(C92,Jonava!E:E,0),0),"")} | J92: {=IFERROR(INDEX(Panevezys2!R:R,MATCH(C92,Panevezys2!E:E,0),0),"")} | K92: =IFERROR(INDEX(Skaudvile!Q:Q,MATCH(C92,Skaudvile!E:E,0),0),"") | L92: =IFERROR(INDEX(Moletai!Q:Q,MATCH(C92,Moletai!E:E,0),0),"") | N92: =COUNTIF(D92:M92,">0") -> 0 | O92: =SUM(D92:M92) -> 0 | P92: =O92/N92 -> #DIV/0! | Q92: {=IFERROR(SUMPRODUCT(LARGE(D92:M92,{1;2;3})),"0")} -> 0 | R92: =IFERROR(INDEX('Bendra įskaita (2025)'!A:A,MATCH(C92,'Bendra įskaita (2025)'!B:B,0),0),"") -> 51 | S92: =IFERROR(INDEX('Bendra įskaita (2025)'!K:K,MATCH(C92,'Bendra įskaita (2025)'!B:B,0),0),"") -> 0 | T92: =IFERROR(INDEX('Bendra įskaita (2024)'!A:A,MATCH(C92,'Bendra įskaita (2024)'!B:B,0),0),"") -> 79 | U92: =IFERROR(INDEX('Bendra įskaita (2024)'!L:L,MATCH(C92,'Bendra įskaita (2024)'!B:B,0),0),"") -> 0
A93: 50 | C93: Mantas Masalskis | D93: {=IFERROR(INDEX(Panevezys!P:P,MATCH(C93,Panevezys!E:E,0),0),"")} | E93: {=IFERROR(INDEX(Kaisiadorys!Q:Q,MATCH(C93,Kaisiadorys!E:E,0),0),"")} | F93: {=IFERROR(INDEX(Veisiejai!Q:Q,MATCH(C93,Veisiejai!E:E,0),0),"")} | G93: {=IFERROR(INDEX(Gdanskas!P:P,MATCH(C93,Gdanskas!C:C,0),0),"")} | H93: {=IFERROR(INDEX(Trakai!R:R,MATCH(C93,Trakai!E:E,0),0),"")} | I93: {=IFERROR(INDEX(Jonava!Q:Q,MATCH(C93,Jonava!E:E,0),0),"")} | J93: {=IFERROR(INDEX(Panevezys2!R:R,MATCH(C93,Panevezys2!E:E,0),0),"")} | K93: =IFERROR(INDEX(Skaudvile!Q:Q,MATCH(C93,Skaudvile!E:E,0),0),"") | L93: =IFERROR(INDEX(Moletai!Q:Q,MATCH(C93,Moletai!E:E,0),0),"") | N93: =COUNTIF(D93:M93,">0") -> 0 | O93: =SUM(D93:M93) -> 0 | P93: =O93/N93 -> #DIV/0! | Q93: {=IFERROR(SUMPRODUCT(LARGE(D93:M93,{1;2;3})),"0")} -> 0 | R93: =IFERROR(INDEX('Bendra įskaita (2025)'!A:A,MATCH(C93,'Bendra įskaita (2025)'!B:B,0),0),"") -> 51 | S93: =IFERROR(INDEX('Bendra įskaita (2025)'!K:K,MATCH(C93,'Bendra įskaita (2025)'!B:B,0),0),"") -> 0 | T93: =IFERROR(INDEX('Bendra įskaita (2024)'!A:A,MATCH(C93,'Bendra įskaita (2024)'!B:B,0),0),"") -> 80 | U93: =IFERROR(INDEX('Bendra įskaita (2024)'!L:L,MATCH(C93,'Bendra įskaita (2024)'!B:B,0),0),"") -> 0
A94: 50 | C94: Monika Vainaitė | D94: {=IFERROR(INDEX(Panevezys!P:P,MATCH(C94,Panevezys!E:E,0),0),"")} | E94: {=IFERROR(INDEX(Kaisiadorys!Q:Q,MATCH(C94,Kaisiadorys!E:E,0),0),"")} | F94: {=IFERROR(INDEX(Veisiejai!Q:Q,MATCH(C94,Veisiejai!E:E,0),0),"")} | G94: {=IFERROR(INDEX(Gdanskas!P:P,MATCH(C94,Gdanskas!C:C,0),0),"")} | H94: {=IFERROR(INDEX(Trakai!R:R,MATCH(C94,Trakai!E:E,0),0),"")} | I94: {=IFERROR(INDEX(Jonava!Q:Q,MATCH(C94,Jonava!E:E,0),0),"")} | J94: {=IFERROR(INDEX(Panevezys2!R:R,MATCH(C94,Panevezys2!E:E,0),0),"")} | K94: =IFERROR(INDEX(Skaudvile!Q:Q,MATCH(C94,Skaudvile!E:E,0),0),"") | L94: =IFERROR(INDEX(Moletai!Q:Q,MATCH(C94,Moletai!E:E,0),0),"") | N94: =COUNTIF(D94:M94,">0") -> 0 | O94: =SUM(D94:M94) -> 0 | P94: =O94/N94 -> #DIV/0! | Q94: {=IFERROR(SUMPRODUCT(LARGE(D94:M94,{1;2;3})),"0")} -> 0 | R94: =IFERROR(INDEX('Bendra įskaita (2025)'!A:A,MATCH(C94,'Bendra įskaita (2025)'!B:B,0),0),"") -> 51 | S94: =IFERROR(INDEX('Bendra įskaita (2025)'!K:K,MATCH(C94,'Bendra įskaita (2025)'!B:B,0),0),"") -> 0 | T94: =IFERROR(INDEX('Bendra įskaita (2024)'!A:A,MATCH(C94,'Bendra įskaita (2024)'!B:B,0),0),"") -> 83 | U94: =IFERROR(INDEX('Bendra įskaita (2024)'!L:L,MATCH(C94,'Bendra įskaita (2024)'!B:B,0),0),"") -> 0
A95: 50 | C95: Tadas Ambrazas | D95: {=IFERROR(INDEX(Panevezys!P:P,MATCH(C95,Panevezys!E:E,0),0),"")} | E95: {=IFERROR(INDEX(Kaisiadorys!Q:Q,MATCH(C95,Kaisiadorys!E:E,0),0),"")} | F95: {=IFERROR(INDEX(Veisiejai!Q:Q,MATCH(C95,Veisiejai!E:E,0),0),"")} | G95: {=IFERROR(INDEX(Gdanskas!P:P,MATCH(C95,Gdanskas!C:C,0),0),"")} | H95: {=IFERROR(INDEX(Trakai!R:R,MATCH(C95,Trakai!E:E,0),0),"")} | I95: {=IFERROR(INDEX(Jonava!Q:Q,MATCH(C95,Jonava!E:E,0),0),"")} | J95: {=IFERROR(INDEX(Panevezys2!R:R,MATCH(C95,Panevezys2!E:E,0),0),"")} | K95: =IFERROR(INDEX(Skaudvile!Q:Q,MATCH(C95,Skaudvile!E:E,0),0),"") | L95: =IFERROR(INDEX(Moletai!Q:Q,MATCH(C95,Moletai!E:E,0),0),"") | N95: =COUNTIF(D95:M95,">0") -> 0 | O95: =SUM(D95:M95) -> 0 | P95: =O95/N95 -> #DIV/0! | Q95: {=IFERROR(SUMPRODUCT(LARGE(D95:M95,{1;2;3})),"0")} -> 0 | R95: =IFERROR(INDEX('Bendra įskaita (2025)'!A:A,MATCH(C95,'Bendra įskaita (2025)'!B:B,0),0),"") -> 51 | S95: =IFERROR(INDEX('Bendra įskaita (2025)'!K:K,MATCH(C95,'Bendra įskaita (2025)'!B:B,0),0),"") -> 0 | T95: =IFERROR(INDEX('Bendra įskaita (2024)'!A:A,MATCH(C95,'Bendra įskaita (2024)'!B:B,0),0),"") -> 85 | U95: =IFERROR(INDEX('Bendra įskaita (2024)'!L:L,MATCH(C95,'Bendra įskaita (2024)'!B:B,0),0),"") -> 0
A96: 50 | C96: Vaidas Bendikas | D96: {=IFERROR(INDEX(Panevezys!P:P,MATCH(C96,Panevezys!E:E,0),0),"")} | E96: {=IFERROR(INDEX(Kaisiadorys!Q:Q,MATCH(C96,Kaisiadorys!E:E,0),0),"")} | F96: {=IFERROR(INDEX(Veisiejai!Q:Q,MATCH(C96,Veisiejai!E:E,0),0),"")} | G96: {=IFERROR(INDEX(Gdanskas!P:P,MATCH(C96,Gdanskas!C:C,0),0),"")} | H96: {=IFERROR(INDEX(Trakai!R:R,MATCH(C96,Trakai!E:E,0),0),"")} | I96: {=IFERROR(INDEX(Jonava!Q:Q,MATCH(C96,Jonava!E:E,0),0),"")} | J96: {=IFERROR(INDEX(Panevezys2!R:R,MATCH(C96,Panevezys2!E:E,0),0),"")} | K96: =IFERROR(INDEX(Skaudvile!Q:Q,MATCH(C96,Skaudvile!E:E,0),0),"") | L96: =IFERROR(INDEX(Moletai!Q:Q,MATCH(C96,Moletai!E:E,0),0),"") | N96: =COUNTIF(D96:M96,">0") -> 0 | O96: =SUM(D96:M96) -> 0 | P96: =O96/N96 -> #DIV/0! | Q96: {=IFERROR(SUMPRODUCT(LARGE(D96:M96,{1;2;3})),"0")} -> 0 | R96: =IFERROR(INDEX('Bendra įskaita (2025)'!A:A,MATCH(C96,'Bendra įskaita (2025)'!B:B,0),0),"") -> 51 | S96: =IFERROR(INDEX('Bendra įskaita (2025)'!K:K,MATCH(C96,'Bendra įskaita (2025)'!B:B,0),0),"") -> 0 | T96: =IFERROR(INDEX('Bendra įskaita (2024)'!A:A,MATCH(C96,'Bendra įskaita (2024)'!B:B,0),0),"") -> 87 | U96: =IFERROR(INDEX('Bendra įskaita (2024)'!L:L,MATCH(C96,'Bendra įskaita (2024)'!B:B,0),0),"") -> 0
A97: 50 | C97: Valdemaras Juozaitis | D97: {=IFERROR(INDEX(Panevezys!P:P,MATCH(C97,Panevezys!E:E,0),0),"")} | E97: {=IFERROR(INDEX(Kaisiadorys!Q:Q,MATCH(C97,Kaisiadorys!E:E,0),0),"")} | F97: {=IFERROR(INDEX(Veisiejai!Q:Q,MATCH(C97,Veisiejai!E:E,0),0),"")} | G97: {=IFERROR(INDEX(Gdanskas!P:P,MATCH(C97,Gdanskas!C:C,0),0),"")} | H97: {=IFERROR(INDEX(Trakai!R:R,MATCH(C97,Trakai!E:E,0),0),"")} | I97: {=IFERROR(INDEX(Jonava!Q:Q,MATCH(C97,Jonava!E:E,0),0),"")} | J97: {=IFERROR(INDEX(Panevezys2!R:R,MATCH(C97,Panevezys2!E:E,0),0),"")} | K97: =IFERROR(INDEX(Skaudvile!Q:Q,MATCH(C97,Skaudvile!E:E,0),0),"") | L97: =IFERROR(INDEX(Moletai!Q:Q,MATCH(C97,Moletai!E:E,0),0),"") | N97: =COUNTIF(D97:M97,">0") -> 0 | O97: =SUM(D97:M97) -> 0 | P97: =O97/N97 -> #DIV/0! | Q97: {=IFERROR(SUMPRODUCT(LARGE(D97:M97,{1;2;3})),"0")} -> 0 | R97: =IFERROR(INDEX('Bendra įskaita (2025)'!A:A,MATCH(C97,'Bendra įskaita (2025)'!B:B,0),0),"") -> 51 | S97: =IFERROR(INDEX('Bendra įskaita (2025)'!K:K,MATCH(C97,'Bendra įskaita (2025)'!B:B,0),0),"") -> 0 | T97: =IFERROR(INDEX('Bendra įskaita (2024)'!A:A,MATCH(C97,'Bendra įskaita (2024)'!B:B,0),0),"") -> 88 | U97: =IFERROR(INDEX('Bendra įskaita (2024)'!L:L,MATCH(C97,'Bendra įskaita (2024)'!B:B,0),0),"") -> 0
A98: 50 | C98: Vytautas Geležinis | D98: {=IFERROR(INDEX(Panevezys!P:P,MATCH(C98,Panevezys!E:E,0),0),"")} | E98: {=IFERROR(INDEX(Kaisiadorys!Q:Q,MATCH(C98,Kaisiadorys!E:E,0),0),"")} | F98: {=IFERROR(INDEX(Veisiejai!Q:Q,MATCH(C98,Veisiejai!E:E,0),0),"")} | G98: {=IFERROR(INDEX(Gdanskas!P:P,MATCH(C98,Gdanskas!C:C,0),0),"")} | H98: {=IFERROR(INDEX(Trakai!R:R,MATCH(C98,Trakai!E:E,0),0),"")} | I98: {=IFERROR(INDEX(Jonava!Q:Q,MATCH(C98,Jonava!E:E,0),0),"")} | J98: {=IFERROR(INDEX(Panevezys2!R:R,MATCH(C98,Panevezys2!E:E,0),0),"")} | K98: =IFERROR(INDEX(Skaudvile!Q:Q,MATCH(C98,Skaudvile!E:E,0),0),"") | L98: =IFERROR(INDEX(Moletai!Q:Q,MATCH(C98,Moletai!E:E,0),0),"") | N98: =COUNTIF(D98:M98,">0") -> 0 | O98: =SUM(D98:M98) -> 0 | P98: =O98/N98 -> #DIV/0! | Q98: {=IFERROR(SUMPRODUCT(LARGE(D98:M98,{1;2;3})),"0")} -> 0 | R98: =IFERROR(INDEX('Bendra įskaita (2025)'!A:A,MATCH(C98,'Bendra įskaita (2025)'!B:B,0),0),"") -> 51 | S98: =IFERROR(INDEX('Bendra įskaita (2025)'!K:K,MATCH(C98,'Bendra įskaita (2025)'!B:B,0),0),"") -> 0 | T98: =IFERROR(INDEX('Bendra įskaita (2024)'!A:A,MATCH(C98,'Bendra įskaita (2024)'!B:B,0),0),"") -> 89 | U98: =IFERROR(INDEX('Bendra įskaita (2024)'!L:L,MATCH(C98,'Bendra įskaita (2024)'!B:B,0),0),"") -> 0
A99: 50 | C99: Vytautas Žukauskas | D99: {=IFERROR(INDEX(Panevezys!P:P,MATCH(C99,Panevezys!E:E,0),0),"")} | E99: {=IFERROR(INDEX(Kaisiadorys!Q:Q,MATCH(C99,Kaisiadorys!E:E,0),0),"")} | F99: {=IFERROR(INDEX(Veisiejai!Q:Q,MATCH(C99,Veisiejai!E:E,0),0),"")} | G99: {=IFERROR(INDEX(Gdanskas!P:P,MATCH(C99,Gdanskas!C:C,0),0),"")} | H99: {=IFERROR(INDEX(Trakai!R:R,MATCH(C99,Trakai!E:E,0),0),"")} | I99: {=IFERROR(INDEX(Jonava!Q:Q,MATCH(C99,Jonava!E:E,0),0),"")} | J99: {=IFERROR(INDEX(Panevezys2!R:R,MATCH(C99,Panevezys2!E:E,0),0),"")} | K99: =IFERROR(INDEX(Skaudvile!Q:Q,MATCH(C99,Skaudvile!E:E,0),0),"") | L99: =IFERROR(INDEX(Moletai!Q:Q,MATCH(C99,Moletai!E:E,0),0),"") | N99: =COUNTIF(D99:M99,">0") -> 0 | O99: =SUM(D99:M99) -> 0 | P99: =O99/N99 -> #DIV/0! | Q99: {=IFERROR(SUMPRODUCT(LARGE(D99:M99,{1;2;3})),"0")} -> 0 | R99: =IFERROR(INDEX('Bendra įskaita (2025)'!A:A,MATCH(C99,'Bendra įskaita (2025)'!B:B,0),0),"") -> 51 | S99: =IFERROR(INDEX('Bendra įskaita (2025)'!K:K,MATCH(C99,'Bendra įskaita (2025)'!B:B,0),0),"") -> 0 | T99: =IFERROR(INDEX('Bendra įskaita (2024)'!A:A,MATCH(C99,'Bendra įskaita (2024)'!B:B,0),0),"") -> 91 | U99: =IFERROR(INDEX('Bendra įskaita (2024)'!L:L,MATCH(C99,'Bendra įskaita (2024)'!B:B,0),0),"") -> 0
A100: 50 | C100: Vytenis Čukauskas | D100: {=IFERROR(INDEX(Panevezys!P:P,MATCH(C100,Panevezys!E:E,0),0),"")} | E100: {=IFERROR(INDEX(Kaisiadorys!Q:Q,MATCH(C100,Kaisiadorys!E:E,0),0),"")} | F100: {=IFERROR(INDEX(Veisiejai!Q:Q,MATCH(C100,Veisiejai!E:E,0),0),"")} | G100: {=IFERROR(INDEX(Gdanskas!P:P,MATCH(C100,Gdanskas!C:C,0),0),"")} | H100: {=IFERROR(INDEX(Trakai!R:R,MATCH(C100,Trakai!E:E,0),0),"")} | I100: {=IFERROR(INDEX(Jonava!Q:Q,MATCH(C100,Jonava!E:E,0),0),"")} | J100: {=IFERROR(INDEX(Panevezys2!R:R,MATCH(C100,Panevezys2!E:E,0),0),"")} | K100: =IFERROR(INDEX(Skaudvile!Q:Q,MATCH(C100,Skaudvile!E:E,0),0),"") | L100: =IFERROR(INDEX(Moletai!Q:Q,MATCH(C100,Moletai!E:E,0),0),"") | N100: =COUNTIF(D100:M100,">0") -> 0 | O100: =SUM(D100:M100) -> 0 | P100: =O100/N100 -> #DIV/0! | Q100: {=IFERROR(SUMPRODUCT(LARGE(D100:M100,{1;2;3})),"0")} -> 0 | R100: =IFERROR(INDEX('Bendra įskaita (2025)'!A:A,MATCH(C100,'Bendra įskaita (2025)'!B:B,0),0),"") -> 51 | S100: =IFERROR(INDEX('Bendra įskaita (2025)'!K:K,MATCH(C100,'Bendra įskaita (2025)'!B:B,0),0),"") -> 0 | T100: =IFERROR(INDEX('Bendra įskaita (2024)'!A:A,MATCH(C100,'Bendra įskaita (2024)'!B:B,0),0),"") -> 92 | U100: =IFERROR(INDEX('Bendra įskaita (2024)'!L:L,MATCH(C100,'Bendra įskaita (2024)'!B:B,0),0),"") -> 0
A101: 50 | C101: Žygimantas Zaleckas | D101: {=IFERROR(INDEX(Panevezys!P:P,MATCH(C101,Panevezys!E:E,0),0),"")} | E101: {=IFERROR(INDEX(Kaisiadorys!Q:Q,MATCH(C101,Kaisiadorys!E:E,0),0),"")} | F101: {=IFERROR(INDEX(Veisiejai!Q:Q,MATCH(C101,Veisiejai!E:E,0),0),"")} | G101: {=IFERROR(INDEX(Gdanskas!P:P,MATCH(C101,Gdanskas!C:C,0),0),"")} | H101: {=IFERROR(INDEX(Trakai!R:R,MATCH(C101,Trakai!E:E,0),0),"")} | I101: {=IFERROR(INDEX(Jonava!Q:Q,MATCH(C101,Jonava!E:E,0),0),"")} | J101: {=IFERROR(INDEX(Panevezys2!R:R,MATCH(C101,Panevezys2!E:E,0),0),"")} | K101: =IFERROR(INDEX(Skaudvile!Q:Q,MATCH(C101,Skaudvile!E:E,0),0),"") | L101: =IFERROR(INDEX(Moletai!Q:Q,MATCH(C101,Moletai!E:E,0),0),"") | N101: =COUNTIF(D101:M101,">0") -> 0 | O101: =SUM(D101:M101) -> 0 | P101: =O101/N101 -> #DIV/0! | Q101: {=IFERROR(SUMPRODUCT(LARGE(D101:M101,{1;2;3})),"0")} -> 0 | R101: =IFERROR(INDEX('Bendra įskaita (2025)'!A:A,MATCH(C101,'Bendra įskaita (2025)'!B:B,0),0),"") -> 51 | S101: =IFERROR(INDEX('Bendra įskaita (2025)'!K:K,MATCH(C101,'Bendra įskaita (2025)'!B:B,0),0),"") -> 0 | T101: =IFERROR(INDEX('Bendra įskaita (2024)'!A:A,MATCH(C101,'Bendra įskaita (2024)'!B:B,0),0),"") -> 93 | U101: =IFERROR(INDEX('Bendra įskaita (2024)'!L:L,MATCH(C101,'Bendra įskaita (2024)'!B:B,0),0),"") -> 0
D102: =COUNT(D4:D103) -> 11 | E102: =COUNT(E4:E103) -> 22 | F102: =COUNT(F4:F51) -> 15 | G102: =COUNT(G4:G51) -> 17 | H102: =COUNT(H4:H52) -> 25 | I102: =COUNT(I4:I52) -> 19 | J102: =COUNT(J4:J52) -> 15 | K102: =COUNT(K4:K52) -> 9 | L102: =COUNT(L4:L52) -> 18 | M102: =COUNT(M4:M52) -> 0 | N102: =COUNT(N4:N28) -> 25 | O102: =COUNT(O4:O28) -> 25 | P102: =COUNT(P4:P28) -> 25 | Q102: =COUNT(Q4:Q28) -> 25

Sheet Panevezys
A1: Pl. | B1: Bib | D1: Name | E1: Name Name | F1: Club | G1: Cat | H1: By cat. | I1: Plaukimas | J1: T1 | K1: Dviratis | L1: T2 | M1: Bėgimas | N1: Time | O1: Gap
A2: 1 | B2: 178 | C2: LTU | D2: JABLONSKIS Mantas | E2: Mantas JABLONSKIS | F2: TRItonas | G2: M30 | H2: 1 | I2: 0.0075925926 | J2: 0.00022106481 | K2: 0.019730324 | L2: 0.00036226852 | M2: 0.011717593 | N2: 0.039625 | P2: =IFERROR(ROUND($N$2/N2*900,0),0) -> 900
A3: 2 | B3: 218 | C3: LAT | D3: ŽIGARKOVS Sebastians | E3: Sebastians ŽIGARKOVS | F3: DTC Jaunība | G3: M20 | H3: 1 | I3: 0.0060763889 | J3: 0.00019212963 | K3: 0.021174769 | L3: 0.00020138889 | M3: 0.013392361 | N3: 0.041038194 | O3: +2:02.0 | P3: =IFERROR(ROUND($N$2/N3*900,0),0) -> 869
A4: 3 | B4: 195 | C4: LTU | D4: OGINTAS Andrius | E4: Andrius OGINTAS | F4: Klaipėdos triatlono klubas | G4: M40 | H4: 1 | I4: 0.0068402778 | J4: 0.00023032407 | K4: 0.020929398 | L4: 0.00026851852 | M4: 0.01346412 | N4: 0.041733796 | O4: +3:02.0 | P4: =IFERROR(ROUND($N$2/N4*900,0),0) -> 855
A5: 4 | B5: 165 | C5: LTU | D5: BARTKUS Mantas | E5: Mantas BARTKUS | F5: Kauno Triatlono Klubas | G5: M35 | H5: 1 | I5: 0.0075347222 | J5: 0.00022453704 | K5: 0.021701389 | L5: 0.00020601852 | M5: 0.012711806 | N5: 0.04237963 | O5: +3:58.0 | P5: =IFERROR(ROUND($N$2/N5*900,0),0) -> 842
A6: 5 | B6: 198 | C6: LTU | D6: PUMPUTIS Titas | E6: Titas PUMPUTIS | F6: Marijampolės triatlono draugija | G6: M25 | H6: 1 | I6: 0.0072453704 | J6: 0.0001724537 | K6: 0.021994213 | L6: 0.00020138889 | M6: 0.012997685 | N6: 0.042613426 | O6: +4:18.0 | P6: =IFERROR(ROUND($N$2/N6*900,0),0) -> 837
A7: 6 | B7: 217 | C7: LAT | D7: ŽIGARKOVS Viktors | E7: Viktors ŽIGARKOVS | F7: DTC Jaunība | G7: M45 | H7: 1 | I7: 0.0070717593 | J7: 0.00023148148 | K7: 0.022144676 | L7: 0.00030671296 | M7: 0.013186343 | N7: 0.042943287 | O7: +4:46.9 | P7: =IFERROR(ROUND($N$2/N7*900,0),0) -> 830
A8: 7 | B8: 190 | C8: LTU | D8: MARCINKEVIČIUS Mantas | E8: Mantas MARCINKEVIČIUS | F8: TRItonas | G8: M40 | H8: 2 | I8: 0.0078125 | J8: 0.00025347222 | K8: 0.021334491 | L8: 0.00024884259 | M8: 0.0134375 | N8: 0.043087963 | O8: +4:59.0 | P8: =IFERROR(ROUND($N$2/N8*900,0),0) -> 828
A9: 8 | B9: 179 | C9: LTU | D9: KAMINSKIJ Aleksej | E9: Aleksej KAMINSKIJ | F9: TRItonas | G9: M40 | H9: 3 | I9: 0.0081712963 | J9: 0.00023842593 | K9: 0.021020833 | L9: 0.00022569444 | M9: 0.013924769 | N9: 0.043582176 | O9: +5:41.9 | P9: =IFERROR(ROUND($N$2/N9*900,0),0) -> 818
A10: 9 | B10: 199 | C10: LTU | D10: REISAS Zigmas | E10: Zigmas REISAS | F10: BTT | G10: M20 | H10: 2 | I10: 0.0066898148 | J10: 0.00016898148 | K10: 0.021078704 | L10: 0.00020717593 | M10: 0.015746528 | N10: 0.043892361 | O10: +6:08.9 | P10: =IFERROR(ROUND($N$2/N10*900,0),0) -> 812
A11: 10 | B11: 166 | C11: LTU | D11: BELEŠKA Jonas | E11: +34:51.4 | F11: Kauno Triatlono Klubas | G11: M30 | H11: 2 | I11: 0.0067592593 | J11: 0.00020486111 | K11: 0.022717593 | L11: 0.00027430556 | M11: 0.014034722 | N11: 0.043993056 | O11: +6:17.9 | P11: =IFERROR(ROUND($N$2/N11*900,0),0) -> 811
A12: 11 | B12: 176 | C12: LTU | D12: GRIGAITIS Žilvinas | E12: Žilvinas GRIGAITIS | F12: Marijampolės triatlono draugija | G12: M35 | H12: 2 | I12: 0.006724537 | J12: 0.00021875 | K12: 0.022508102 | L12: 0.00023611111 | M12: 0.014398148 | N12: 0.044087963 | O12: +6:25.9 | P12: =IFERROR(ROUND($N$2/N12*900,0),0) -> 809
A13: 12 | B13: 181 | C13: LTU | D13: KAUPAS Kęstutis | E13: Kęstutis KAUPAS | G13: M40 | H13: 4 | I13: 0.008275463 | J13: 0.00024189815 | K13: 0.021418981 | L13: 0.00029976852 | M13: 0.013920139 | N13: 0.044157407 | O13: +6:31.9 | P13: =IFERROR(ROUND($N$2/N13*900,0),0) -> 808
A14: 13 | B14: 172 | C14: LTU | D14: GELŽINIS Artūras | E14: Artūras GELŽINIS | F14: Klaipėdos triatlono klubas | G14: M35 | H14: 3 | I14: 0.0084027778 | J14: 0.0002337963 | K14: 0.021260417 | L14: 0.00042939815 | M14: 0.013895833 | N14: 0.04422338 | O14: +6:37.0 | P14: =IFERROR(ROUND($N$2/N14*900,0),0) -> 806
A15: 14 | B15: 215 | C15: LTU | D15: VOLKOVICKI Julian | E15: Julian VOLKOVICKI | F15: zoomies | G15: M40 | H15: 5 | I15: 0.0078703704 | J15: 0.00021759259 | K15: 0.021346065 | L15: 0.00026851852 | M15: 0.014799769 | N15: 0.044503472 | O15: +7:01.9 | P15: =IFERROR(ROUND($N$2/N15*900,0),0) -> 801
A16: 15 | B16: 191 | C16: LTU | D16: MATULAITIS Lukas | E16: Lukas MATULAITIS | F16: TRItonas | G16: M35 | H16: 4 | I16: 0.0086921296 | J16: 0.00027083333 | K16: 0.022195602 | L16: 0.0003587963 | M16: 0.013480324 | N16: 0.045 | O16: +7:44.9 | P16: =IFERROR(ROUND($N$2/N16*900,0),0) -> 793
A17: 16 | B17: 205 | C17: LTU | D17: SRĖBALIUS Mantas | E17: Mantas SRĖBALIUS | G17: M30 | H17: 3 | I17: 0.0086921296 | J17: 0.00025231481 | K17: 0.022434028 | L17: 0.00038425926 | M17: 0.013774306 | N17: 0.045538194 | O17: +8:30.9 | P17: =IFERROR(ROUND($N$2/N17*900,0),0) -> 783
A18: 17 | B18: 192 | C18: LTU | D18: MICKUS Martynas | E18: Martynas MICKUS | F18: HighPeaks Lietuva | G18: M30 | H18: 4 | I18: 0.009212963 | J18: 0.00025115741 | K18: 0.021888889 | L18: 0.00036111111 | M18: 0.013912037 | N18: 0.045627315 | O18: +8:38.9 | P18: =IFERROR(ROUND($N$2/N18*900,0),0) -> 782
A19: 18 | B19: 180 | C19: LTU | D19: KATKUS Evaldas | E19: Evaldas KATKUS | F19: Love Streams Running | G19: M40 | H19: 6 | I19: 0.0094791667 | J19: 0.00034143519 | K19: 0.022149306 | L19: 0.00049652778 | M19: 0.013381944 | N19: 0.045849537 | O19: +8:57.9 | P19: =IFERROR(ROUND($N$2/N19*900,0),0) -> 778
A20: 19 | B20: 212 | C20: LTU | D20: URBONAS Pranas | E20: Pranas URBONAS | G20: M30 | H20: 5 | I20: 0.0087731481 | J20: 0.00023726852 | K20: 0.022425926 | L20: 0.00042708333 | M20: 0.014092593 | N20: 0.045957176 | O20: +9:07.0 | P20: =IFERROR(ROUND($N$2/N20*900,0),0) -> 776
A21: 20 | B21: 171 | C21: LTU | D21: GADRUS Eimantas | E21: Eimantas GADRUS | F21: HighPeaks Lietuva | G21: M30 | H21: 6 | I21: 0.0088888889 | J21: 0.00024537037 | K21: 0.022261574 | L21: 0.00045717593 | M21: 0.014266204 | N21: 0.04612037 | O21: +9:21.0 | P21: =IFERROR(ROUND($N$2/N21*900,0),0) -> 773
A22: 21 | B22: 173 | C22: LAT | D22: GLADIJS Nikita | E22: Nikita GLADIJS | F22: DTC Jaunība | G22: M20 | H22: 3 | I22: 0.0075578704 | J22: 0.00027314815 | K22: 0.023363426 | L22: 0.00062384259 | M22: 0.014512731 | N22: 0.046332176 | O22: +9:39.9 | P22: =IFERROR(ROUND($N$2/N22*900,0),0) -> 770
A23: 22 | B23: 211 | C23: LTU | D23: TURULIS Marius | E23: Marius TURULIS | G23: M45 | H23: 2 | I23: 0.0086111111 | J23: 0.00028009259 | K23: 0.022298611 | L23: 0.00040046296 | M23: 0.01478125 | N23: 0.046372685 | O23: +9:43.0 | P23: =IFERROR(ROUND($N$2/N23*900,0),0) -> 769
A24: 23 | B24: 208 | C24: LTU | D24: ŠIMKUS Darius | E24: Darius ŠIMKUS | F24: TriFamClub | G24: M35 | H24: 5 | I24: 0.0090625 | J24: 0.00021875 | K24: 0.02208912 | L24: 0.00031828704 | M24: 0.014778935 | N24: 0.04646875 | O24: +9:51.0 | P24: =IFERROR(ROUND($N$2/N24*900,0),0) -> 767
A25: 24 | B25: 204 | C25: LTU | D25: SIMANAITIS Povilas | E25: Povilas SIMANAITIS | F25: HighPeaks Lietuva | G25: M30 | H25: 7 | I25: 0.0089583333 | J25: 0.00023263889 | K25: 0.022149306 | L25: 0.00027546296 | M25: 0.015393519 | N25: 0.047011574 | O25: +10:38.0 | P25: =IFERROR(ROUND($N$2/N25*900,0),0) -> 759
A26: 25 | B26: 202 | C26: LTU | D26: SEREIČIKAS Arvydas | E26: Arvydas SEREIČIKAS | F26: TRItonas | G26: M40 | H26: 7 | I26: 0.0093865741 | J26: 0.00028240741 | K26: 0.022315972 | L26: 0.00049305556 | M26: 0.014572917 | N26: 0.047052083 | O26: +10:41.9 | P26: =IFERROR(ROUND($N$2/N26*900,0),0) -> 758
A27: 26 | B27: 187 | C27: LTU | D27: LYDIS Benas | E27: Benas LYDIS | F27: HighPeaks Lietuva | G27: M25 | H27: 2 | I27: 0.0089236111 | J27: 0.00028009259 | K27: 0.022770833 | L27: 0.00054050926 | M27: 0.01459838 | N27: 0.047114583 | O27: +10:47.0 | P27: =IFERROR(ROUND($N$2/N27*900,0),0) -> 757
A28: 27 | B28: 167 | C28: LTU | D28: BORISAS Darius | E28: Darius BORISAS | F28: TRItonas | G28: M35 | H28: 6 | I28: 0.0096180556 | J28: 0.00022106481 | K28: 0.022046296 | L28: 0.00038657407 | M28: 0.014920139 | N28: 0.047193287 | O28: +10:53.9 | P28: =IFERROR(ROUND($N$2/N28*900,0),0) -> 756
A29: 28 | B29: 194 | C29: LTU | D29: NAVICKAS Matas | E29: Matas NAVICKAS | F29: HighPeaks Lietuva | G29: M25 | H29: 3 | I29: 0.0088194444 | J29: 0.00024074074 | K29: 0.02265625 | L29: 0.00042592593 | M29: 0.015368056 | N29: 0.047511574 | O29: +11:21.9 | P29: =IFERROR(ROUND($N$2/N29*900,0),0) -> 751
A30: 29 | B30: 210 | C30: LTU | D30: TIJŪNONIS Darius | E30: Darius TIJŪNONIS | G30: M55 | H30: 1 | I30: 0.0093865741 | J30: 0.00029282407 | K30: 0.022327546 | L30: 0.00087962963 | M30: 0.015148148 | N30: 0.04803588 | O30: +12:06.9 | P30: =IFERROR(ROUND($N$2/N30*900,0),0) -> 742
A31: 30 | B31: 185 | C31: LTU | D31: KERZA Saulius | E31: Saulius KERZA | F31: TRItonas | G31: M50 | H31: 1 | I31: 0.0081944444 | J31: 0.00032523148 | K31: 0.023292824 | L31: 0.00042013889 | M31: 0.015810185 | N31: 0.048043981 | O31: +12:07.9 | P31: =IFERROR(ROUND($N$2/N31*900,0),0) -> 742
A32: 31 | B32: 174 | C32: LTU | D32: GRAŽINSKIS Domantas | E32: Domantas GRAŽINSKIS | F32: Marijampolės triatlono draugija | G32: M25 | H32: 4 | I32: 0.0097337963 | J32: 0.00026736111 | K32: 0.023336806 | L32: 0.00049074074 | M32: 0.014931713 | N32: 0.048762731 | O32: +13:09.9 | P32: =IFERROR(ROUND($N$2/N32*900,0),0) -> 731
A33: 32 | B33: 200 | C33: LTU | D33: SAKALAUSKAS Mantas | E33: Mantas SAKALAUSKAS | F33: HighPeaks Lietuva | G33: M35 | H33: 7 | I33: 0.0084722222 | J33: 0.00028819444 | K33: 0.024572917 | L33: 0.00046643519 | M33: 0.015355324 | N33: 0.049158565 | O33: +13:43.9 | P33: =IFERROR(ROUND($N$2/N33*900,0),0) -> 725
A34: 33 | B34: 163 | C34: LTU | D34: BALČIŪNAS Ovidijus | E34: +44:11.6 | F34: S-Sportas | G34: M30 | H34: 8 | I34: 0.011388889 | J34: 0.00028009259 | K34: 0.023912037 | L34: 0.00042592593 | M34: 0.013217593 | N34: 0.049225694 | O34: +13:49.9 | P34: =IFERROR(ROUND($N$2/N34*900,0),0) -> 724
A35: 34 | B35: 216 | C35: LTU | D35: VRUBLIAUSKAS Modestas | E35: Modestas VRUBLIAUSKAS | F35: HighPeaks Lietuva | G35: M30 | H35: 9 | I35: 0.010451389 | J35: 0.00025694444 | K35: 0.0231875 | L35: 0.00037384259 | M35: 0.015165509 | N35: 0.0494375 | O35: +14:07.9 | P35: =IFERROR(ROUND($N$2/N35*900,0),0) -> 721
A36: 35 | B36: 169 | C36: LTU | D36: DARIUS Biržietis | E36: Biržietis DARIUS | F36: Individualiai | G36: M55 | H36: 2 | I36: 0.010011574 | J36: 0.0003125 | K36: 0.024359954 | L36: 0.00046643519 | M36: 0.014568287 | N36: 0.049719907 | O36: +14:32.0 | P36: =IFERROR(ROUND($N$2/N36*900,0),0) -> 717
A37: 36 | B37: 160 | C37: LTU | D37: ABRAITIS Liudvikas | E37: Šarūnas RADZEVIČIUS | F37: HighPeaks Lietuva | G37: M45 | H37: 3 | I37: 0.0083217593 | J37: 0.00032060185 | K37: 0.025449074 | L37: 0.00081365741 | M37: 0.015070602 | N37: 0.049978009 | O37: +14:54.9 | P37: =IFERROR(ROUND($N$2/N37*900,0),0) -> 714
A38: 37 | B38: 175 | C38: LTU | D38: GRICIUS Mantas | E38: Mantas GRICIUS | F38: HighPeaks Lietuva | G38: M40 | H38: 8 | I38: 0.0096759259 | J38: 0.00022453704 | K38: 0.023354167 | L38: 0.00036921296 | M38: 0.016633102 | N38: 0.050258102 | O38: +15:18.9 | P38: =IFERROR(ROUND($N$2/N38*900,0),0) -> 710
A39: 38 | B39: 161 | C39: LTU | D39: ANDRIJAITIS Audrius | E39: Audrius ANDRIJAITIS | F39: HighPeaks Lietuva | G39: M30 | H39: 10 | I39: 0.0093634259 | J39: 0.00033333333 | K39: 0.023592593 | L39: 0.00055324074 | M39: 0.016665509 | N39: 0.050510417 | O39: +15:40.9 | P39: =IFERROR(ROUND($N$2/N39*900,0),0) -> 706
A40: 39 | B40: 162 | C40: LTU | D40: ARNAŠIUS Andrius | E40: Andrius ARNAŠIUS | F40: Mtb Tauragė | G40: M40 | H40: 9 | I40: 0.010787037 | J40: 0.00030671296 | K40: 0.023543981 | L40: 0.00038078704 | M40: 0.015732639 | N40: 0.050753472 | O40: +16:01.9 | P40: =IFERROR(ROUND($N$2/N40*900,0),0) -> 703
A41: 40 | B41: 189 | C41: LTU | D41: MACIULEVIČIUS Arūnas | E41: Arūnas MACIULEVIČIUS | F41: TRItonas | G41: M50 | H41: 2 | I41: 0.0096875 | J41: 0.00025231481 | K41: 0.025186343 | L41: 0.000375 | M41: 0.015413194 | N41: 0.050915509 | O41: +16:15.9 | P41: =IFERROR(ROUND($N$2/N41*900,0),0) -> 700
A42: 41 | B42: 207 | C42: LTU | D42: STRAVINSKAS Paulius | E42: Paulius STRAVINSKAS | F42: HighPeaks Lietuva | G42: M25 | H42: 5 | I42: 0.01056713 | J42: 0.00028009259 | K42: 0.024061343 | L42: 0.00078009259 | M42: 0.015777778 | N42: 0.051469907 | O42: +17:03.9 | P42: =IFERROR(ROUND($N$2/N42*900,0),0) -> 693
... A44: 43 | B44: 164 | C44: LTU | D44: BALTRAMONAITIS Tomas | E44: Tomas BALTRAMONAITIS | F44: HighPeaks Lietuva | G44: M30 | H44: 11 | I44: 0.010208333 | J44: 0.00024884259 | K44: 0.025162037 | L44: 0.00043865741 | M44: 0.016552083 | N44: 0.052611111 | O44: +18:42.0 | P44: =IFERROR(ROUND($N$2/N44*900,0),0) -> 678
A45: 49 | B45: 47 | C45: LTLTU | D45: ŠIDLAUSKIENĖ Sigita | E45: Sigita Šidlauskienė | F45: F40 | H45: 1 | I45: 0.0083680556 | J45: 0.00029976852 | K45: 0.026434028 | L45: 0.0004525463 | M45: 0.017138889 | N45: 0.052696759 | O45: +18:49.9 | P45: =IFERROR(ROUND($N$2/N45*900,0),0) -> 677
A46: 44 | B46: 201 | C46: LTU | D46: SEDEKERSKIS Giedrius | E46: Giedrius SEDEKERSKIS | G46: M35 | H46: 8 | I46: 0.011747685 | J46: 0.00028935185 | K46: 0.025771991 | L46: 0.00028819444 | M46: 0.014907407 | N46: 0.053005787 | O46: +19:16.0 | P46: =IFERROR(ROUND($N$2/N46*900,0),0) -> 673
A47: 45 | B47: 182 | C47: LTU | D47: KAZLAUSKIS Evaldas | E47: Evaldas KAZLAUSKIS | F47: HighPeaks Lietuva | G47: M30 | H47: 12 | I47: 0.010833333 | J47: 0.0002337963 | K47: 0.024542824 | L47: 0.00053356481 | M47: 0.016929398 | N47: 0.053075231 | O47: +19:22.0 | P47: =IFERROR(ROUND($N$2/N47*900,0),0) -> 672
A48: 46 | B48: 197 | C48: LTU | D48: PUKNYS Darius | E48: Darius PUKNYS | F48: HighPeaks Lietuva | G48: M50 | H48: 3 | I48: 0.0096759259 | J48: 0.00025925926 | K48: 0.023372685 | L48: 0.00053587963 | M48: 0.019353009 | N48: 0.053197917 | O48: +19:32.9 | P48: =IFERROR(ROUND($N$2/N48*900,0),0) -> 670
A49: 47 | B49: 168 | C49: LTU | D49: DANĖLIUS Giedrius | E49: Giedrius DANĖLIUS | F49: TRItonas | G49: M50 | H49: 4 | I49: 0.011145833 | J49: 0.00035416667 | K49: 0.026465278 | L49: 0.00087152778 | M49: 0.015240741 | N49: 0.054079861 | O49: +20:48.9 | P49: =IFERROR(ROUND($N$2/N49*900,0),0) -> 659
A50: 48 | B50: 214 | C50: LTU | D50: VASILIAUSKAS Rytis | E50: Rytis VASILIAUSKAS | F50: TRItonas | G50: M55 | H50: 3 | I50: 0.0092939815 | J50: 0.00032291667 | K50: 0.027201389 | L50: 0.000375 | M50: 0.017416667 | N50: 0.054612269 | O50: +21:34.9 | P50: =IFERROR(ROUND($N$2/N50*900,0),0) -> 653
A51: 49 | B51: 209 | C51: LTU | D51: ŠIPKAUSKAS Lukas | E51: Lukas ŠIPKAUSKAS | G51: M25 | H51: 6 | I51: 0.010231481 | J51: 0.0002962963 | K51: 0.026798611 | L51: 0.00074421296 | M51: 0.016800926 | N51: 0.054871528 | O51: +21:57.0 | P51: =IFERROR(ROUND($N$2/N51*900,0),0) -> 650
A52: 50 | B52: 170 | C52: LTU | D52: DOVIAKOVSKIS Raimondas | E52: Raimondas DOVIAKOVSKIS | F52: - | G52: M50 | H52: 5 | I52: 0.010243056 | J52: 0.00027893519 | K52: 0.026284722 | L52: 0.00077430556 | M52: 0.01758912 | N52: 0.055172454 | O52: +22:23.0 | P52: =IFERROR(ROUND($N$2/N52*900,0),0) -> 646
A53: 51 | B53: 188 | C53: LTU | D53: LUČKAUSKAS Dainius | E53: Dainius LUČKAUSKAS | F53: TRItonas | G53: M35 | H53: 9 | I53: 0.011261574 | J53: 0.00028703704 | K53: 0.024858796 | L53: 0.00042361111 | M53: 0.018420139 | N53: 0.055252315 | O53: +22:30.0 | P53: =IFERROR(ROUND($N$2/N53*900,0),0) -> 645
A54: 52 | B54: 184 | C54: LTU | D54: KELIUOTIS Ramūnas | E54: Ramūnas KELIUOTIS | F54: HighPeaks Lietuva | G54: M50 | H54: 6 | I54: 0.010925926 | J54: 0.0003125 | K54: 0.027052083 | L54: 0.00036226852 | M54: 0.017173611 | N54: 0.055827546 | O54: +23:19.9 | P54: =IFERROR(ROUND($N$2/N54*900,0),0) -> 639
A55: 62 | B55: 51 | C55: LTLTU | D55: VOLBIKIENĖ Liudmila | E55: Liudmila Volbikienė | F55: Female | G55: F40 | H55: 4 | I55: 0.011261574 | J55: 0.00031365741 | K55: 0.025784722 | L55: 0.00052546296 | M55: 0.018733796 | N55: 0.056621528 | O55: +24:28.9 | P55: =IFERROR(ROUND($N$2/N55*900,0),0) -> 630
A56: 53 | B56: 183 | C56: LTU | D56: KĖBLIS Matas | E56: Matas KĖBLIS | G56: M30 | H56: 13 | I56: 0.012673611 | J56: 0.00028472222 | K56: 0.026790509 | L56: 0.00039467593 | M56: 0.016547454 | N56: 0.05669213 | O56: +24:34.9 | P56: =IFERROR(ROUND($N$2/N56*900,0),0) -> 629
A57: 54 | B57: 196 | C57: LAT | D57: OŠČENKOVS Valērijs | E57: Valērijs OŠČENKOVS | F57: DTC Jaunība | G57: M40 | H57: 10 | I57: 0.0081828704 | J57: 0.00032407407 | K57: 0.027008102 | L57: 0.00056365741 | M57: 0.021037037 | N57: 0.057116898 | O57: +25:11.0 | P57: =IFERROR(ROUND($N$2/N57*900,0),0) -> 624
A58: 55 | B58: 193 | C58: LTU | D58: MIKULIONIS Eivinas | E58: Eivinas MIKULIONIS | G58: M30 | H58: 14 | I58: 0.010891204 | J58: 0.00032060185 | K58: 0.027141204 | L58: 0.00057407407 | M58: 0.019290509 | N58: 0.05821875 | O58: +26:46.9 | P58: =IFERROR(ROUND($N$2/N58*900,0),0) -> 613
A59: 56 | B59: 206 | C59: LTU | D59: STASIUKYNAS Jonas | E59: +9:51.6 | F59: BTT | G59: M50 | H59: 7 | I59: 0.0097685185 | J59: 0.00024189815 | K59: 0.031688657 | L59: 0.00058912037 | M59: 0.020310185 | N59: 0.062599537 | O59: +33:05.0 | P59: =IFERROR(ROUND($N$2/N59*900,0),0) -> 570

Sheet Kaisiadorys
A1: Pl. | B1: Bib | D1: Name | E1: Name Name | F1: Club | G1: Sx | H1: Cat | I1: By cat. | J1: Swim | K1: T1 | L1: Bike | M1: T2 | N1: Running | O1: Time | P1: Gap
A2: 1 | B2: 20 | C2: LTU | D2: BUTRIMAVIČIUS Marijus | E2: Marijus BUTRIMAVIČIUS | F2: Trakų sporto centras | G2: Male | H2: V40 | I2: 1 | J2: 0.016918981 | K2: 0.00082407407 | L2: 0.042225694 | M2: 0.00056481481 | N2: 0.025640046 | O2: 0.086175926 | Q2: =IFERROR(ROUND($O$2/O2*1000,0),0) -> 1000
A3: 2 | B3: 90 | C3: LTU | D3: PAJEDA Gediminas | E3: Gediminas PAJEDA | F3: BTT | G3: Male | H3: V35 | I3: 1 | J3: 0.017445602 | K3: 0.0010543981 | L3: 0.044490741 | M3: 0.00072106481 | N3: 0.025530093 | O3: 0.08924537 | P3: +4:25.2 | Q3: =IFERROR(ROUND($O$2/O3*1000,0),0) -> 966
A4: 3 | B4: 67 | C4: LTU | D4: LAJEVSKI Radoslav | E4: Radoslav LAJEVSKI | F4: TRItonas | G4: Male | H4: V30 | I4: 1 | J4: 0.017306713 | K4: 0.00078587963 | L4: 0.046113426 | M4: 0.00059606481 | N4: 0.024658565 | O4: 0.089462963 | P4: +4:44.0 | Q4: =IFERROR(ROUND($O$2/O4*1000,0),0) -> 963
A5: 4 | B5: 136 | C5: LTU | D5: ZARAUSKAS Džiugas | E5: Džiugas ZARAUSKAS | G5: Male | H5: V25 | I5: 1 | J5: 0.018665509 | K5: 0.00082638889 | L5: 0.045850694 | M5: 0.00047337963 | N5: 0.025042824 | O5: 0.090861111 | P5: +6:44.8 | Q5: =IFERROR(ROUND($O$2/O5*1000,0),0) -> 948
A6: 5 | B6: 74 | C6: LTU | D6: MASIONIS Darius | E6: Darius MASIONIS | F6: MASIONIS KŪNO BALANSO TERAPIJA | G6: Male | H6: V45 | I6: 1 | J6: 0.017414352 | K6: 0.00088541667 | L6: 0.047334491 | M6: 0.00058333333 | N6: 0.026107639 | O6: 0.092327546 | P6: +8:51.5 | Q6: =IFERROR(ROUND($O$2/O6*1000,0),0) -> 933
A7: 6 | B7: 35 | C7: LTU | D7: GRAŽINSKIS Airidas | E7: Airidas GRAŽINSKIS | F7: TRItonas | G7: Male | H7: V35 | I7: 2 | J7: 0.018428241 | K7: 0.00075925926 | L7: 0.048483796 | M7: 0.00038078704 | N7: 0.024550926 | O7: 0.092604167 | P7: +9:15.4 | Q7: =IFERROR(ROUND($O$2/O7*1000,0),0) -> 931
A8: 7 | B8: 112 | C8: LTU | D8: STULGYS Donatas | E8: Donatas STULGYS | F8: S-Sportas | G8: Male | H8: V40 | I8: 2 | J8: 0.017721065 | K8: 0.00081134259 | L8: 0.048237269 | M8: 0.00035416667 | N8: 0.025891204 | O8: 0.093018519 | P8: +9:51.2 | Q8: =IFERROR(ROUND($O$2/O8*1000,0),0) -> 926
A9: 8 | B9: 100 | C9: LTU | D9: RINDEIKIS Simas | E9: Simas RINDEIKIS | F9: Klaipėdos Triatlono Klubas | G9: Male | H9: V45 | I9: 2 | J9: 0.01816088 | K9: 0.0012002315 | L9: 0.046304398 | M9: 0.00086458333 | N9: 0.026577546 | O9: 0.093109954 | P9: +9:59.1 | Q9: =IFERROR(ROUND($O$2/O9*1000,0),0) -> 926
A10: 9 | B10: 93 | C10: LTU | D10: PECIUKONIS Povilas | E10: Povilas PECIUKONIS | F10: HighPeaks Lietuva | G10: Male | H10: V30 | I10: 2 | J10: 0.018082176 | K10: 0.0012326389 | L10: 0.04743287 | M10: 0.00062037037 | N10: 0.026427083 | O10: 0.093797454 | P10: +10:58.5 | Q10: =IFERROR(ROUND($O$2/O10*1000,0),0) -> 919
A11: 10 | B11: 92 | C11: LTU | D11: PAVALKIS Evaldas | E11: Evaldas PAVALKIS | G11: Male | H11: V30 | I11: 3 | J11: 0.020493056 | K11: 0.00089351852 | L11: 0.046171296 | M11: 0.00063078704 | N11: 0.027771991 | O11: 0.095956019 | P11: +14:05.0 | Q11: =IFERROR(ROUND($O$2/O11*1000,0),0) -> 898
A12: 11 | B12: 63 | C12: LTU | D12: KEREVIČIUS Dominykas | E12: Dominykas KEREVIČIUS | F12: zoomies | G12: Male | H12: V25 | I12: 2 | J12: 0.018306713 | K12: 0.00066666667 | L12: 0.050975694 | M12: 0.00059606481 | N12: 0.027614583 | O12: 0.09816088 | P12: +17:15.5 | Q12: =IFERROR(ROUND($O$2/O12*1000,0),0) -> 878
A13: 12 | B13: 348 | C13: LTU | D13: GALDIKAS Edgaras | E13: Edgaras GALDIKAS | G13: Male | H13: V35 | I13: 3 | J13: 0.02115625 | K13: 0.0019293981 | L13: 0.047877315 | M13: 0.0006724537 | N13: 0.026791667 | O13: 0.098430556 | P13: +17:38.8 | Q13: =IFERROR(ROUND($O$2/O13*1000,0),0) -> 875
A14: 13 | B14: 66 | C14: LTU | D14: KUKENYS Mantas | E14: Mantas KUKENYS | F14: TRItonas | G14: Male | H14: V40 | I14: 3 | J14: 0.020618056 | K14: 0.0014178241 | L14: 0.047633102 | M14: 0.00050694444 | N14: 0.028545139 | O14: 0.09872338 | P14: +18:04.1 | Q14: =IFERROR(ROUND($O$2/O14*1000,0),0) -> 873
A15: 14 | B15: 97 | C15: LTU | D15: RADZEVIČIUS Šarūnas | E15: Šarūnas RADZEVIČIUS | G15: Male | H15: V35 | I15: 4 | J15: 0.021778935 | K15: 0.0019375 | L15: 0.049114583 | M15: 0.00075578704 | N15: 0.025138889 | O15: 0.098728009 | P15: +18:04.5 | Q15: =IFERROR(ROUND($O$2/O15*1000,0),0) -> 873
A16: 15 | B16: 29 | C16: LTU | D16: GAIZAUSKAS Evaldas | E16: Evaldas GAIZAUSKAS | G16: Male | H16: V35 | I16: 5 | J16: 0.019690972 | K16: 0.0010497685 | L16: 0.048991898 | M16: 0.00034027778 | N16: 0.028752315 | O16: 0.098826389 | P16: +18:13.0 | Q16: =IFERROR(ROUND($O$2/O16*1000,0),0) -> 872
A17: 16 | B17: 131 | C17: LTU | D17: VOLKOVICKI Martin | E17: Martin VOLKOVICKI | F17: BOXING HUB | G17: Male | H17: V35 | I17: 6 | J17: 0.019855324 | K17: 0.00073148148 | L17: 0.049228009 | M17: 0.00072337963 | N17: 0.02841088 | O17: 0.098951389 | P17: +18:23.8 | Q17: =IFERROR(ROUND($O$2/O17*1000,0),0) -> 871
A18: 17 | B18: 54 | C18: LTU | D18: KAUPAS Kęstutis | E18: Kęstutis KAUPAS | G18: Male | H18: V40 | I18: 4 | J18: 0.018767361 | K18: 0.00088888889 | L18: 0.050175926 | M18: 0.00077314815 | N18: 0.028725694 | O18: 0.099334491 | P18: +18:56.9 | Q18: =IFERROR(ROUND($O$2/O18*1000,0),0) -> 868
A19: 18 | B19: 28 | C19: LTU | D19: GADRUS Eimantas | E19: Eimantas GADRUS | F19: HighPeaks Lietuva | G19: Male | H19: V30 | I19: 4 | J19: 0.020508102 | K19: 0.0010358796 | L19: 0.049371528 | M19: 0.00053356481 | N19: 0.028056713 | O19: 0.099508102 | P19: +19:11.9 | Q19: =IFERROR(ROUND($O$2/O19*1000,0),0) -> 866
A20: 19 | B20: 132 | C20: LTU | D20: VOLKOVICKI Julian | E20: Julian VOLKOVICKI | F20: zoomies | G20: Male | H20: V40 | I20: 5 | J20: 0.018768519 | K20: 0.0013449074 | L20: 0.049162037 | M20: 0.00042824074 | N20: 0.029849537 | O20: 0.099555556 | P20: +19:16.0 | Q20: =IFERROR(ROUND($O$2/O20*1000,0),0) -> 866
A21: 20 | B21: 34 | C21: LTU | D21: GERVELĖ Arvydas | E21: Arvydas GERVELĖ | F21: TRItonas | G21: Male | H21: V45 | I21: 3 | J21: 0.020039352 | K21: 0.0011030093 | L21: 0.050094907 | M21: 0.00040856481 | N21: 0.028267361 | O21: 0.099914352 | P21: +19:47.0 | Q21: =IFERROR(ROUND($O$2/O21*1000,0),0) -> 862
A22: 21 | B22: 14 | C22: LTU | D22: BELEŠKA Jonas | E22: +34:51.4 | F22: Kauno Triatlono Klubas | G22: Male | H22: V30 | I22: 5 | J22: 0.016766204 | K22: 0.00067592593 | L22: 0.051467593 | M22: 0.00059606481 | N22: 0.030642361 | O22: 0.10015162 | P22: +20:07.5 | Q22: =IFERROR(ROUND($O$2/O22*1000,0),0) -> 860
A23: 22 | B23: 18 | C23: LTU | D23: BULAUKA Benas | E23: Benas BULAUKA | G23: Male | H23: V25 | I23: 3 | J23: 0.023042824 | K23: 0.0016087963 | L23: 0.048369213 | M23: 0.00060648148 | N23: 0.027056713 | O23: 0.10068634 | P23: +20:53.7 | Q23: =IFERROR(ROUND($O$2/O23*1000,0),0) -> 856
A24: 23 | B24: 4 | D24: ANDRIEKUS Paulius | E24: Paulius ANDRIEKUS | F24: HighPeaks Lietuva | G24: Male | H24: V30 | I24: 6 | J24: 0.022230324 | K24: 0.0012766204 | L24: 0.049946759 | M24: 0.00053587963 | N24: 0.02744213 | O24: 0.10143403 | P24: +21:58.3 | Q24: =IFERROR(ROUND($O$2/O24*1000,0),0) -> 850
A25: 24 | B25: 107 | C25: LTU | D25: SIMANAITIS Povilas | E25: Povilas SIMANAITIS | F25: HighPeaks Lietuva | G25: Male | H25: V30 | I25: 7 | J25: 0.021615741 | K25: 0.00086111111 | L25: 0.048524306 | M25: 0.00039236111 | N25: 0.03069213 | O25: 0.10208912 | P25: +22:54.9 | Q25: =IFERROR(ROUND($O$2/O25*1000,0),0) -> 844
A26: 25 | B26: 51 | C26: LTU | D26: KATILAUSKAS Antanas | E26: Antanas KATILAUSKAS | G26: Male | H26: V25 | I26: 4 | J26: 0.021372685 | K26: 0.0016944444 | L26: 0.047863426 | M26: 0.0011990741 | N26: 0.030652778 | O26: 0.10278472 | P26: +23:55.0 | Q26: =IFERROR(ROUND($O$2/O26*1000,0),0) -> 838
A27: 26 | B27: 126 | C27: LTU | D27: VELUTIS Vaidas | E27: Vaidas VELUTIS | F27: TRItonas | G27: Male | H27: V40 | I27: 6 | J27: 0.02019213 | K27: 0.0018020833 | L27: 0.048627315 | M27: 0.0004849537 | N27: 0.031881944 | O27: 0.10298958 | P27: +24:12.7 | Q27: =IFERROR(ROUND($O$2/O27*1000,0),0) -> 837
A28: 27 | B28: 105 | C28: LTU | D28: SEREIČIKAS Arvydas | E28: Arvydas SEREIČIKAS | F28: TRItonas | G28: Male | H28: V40 | I28: 7 | J28: 0.021064815 | K28: 0.0012731481 | L28: 0.050763889 | M28: 0.00078125 | N28: 0.029166667 | O28: 0.10305208 | P28: +24:18.1 | Q28: =IFERROR(ROUND($O$2/O28*1000,0),0) -> 836
A29: 28 | B29: 25 | C29: LTU | D29: DZEMINSKAS Andrius | E29: Andrius DZEMINSKAS | F29: HighPeaks Lietuva | G29: Male | H29: V35 | I29: 7 | J29: 0.020265046 | K29: 0.0011435185 | L29: 0.051826389 | M29: 0.00044675926 | N29: 0.029944444 | O29: 0.10362731 | P29: +25:07.8 | Q29: =IFERROR(ROUND($O$2/O29*1000,0),0) -> 832
A30: 29 | B30: 118 | C30: JPN | D30: TSUCHIYA Masaharu | E30: Masaharu TSUCHIYA | G30: Male | H30: V35 | I30: 8 | J30: 0.022283565 | K30: 0.0026053241 | L30: 0.051491898 | M30: 0.0007662037 | N30: 0.026677083 | O30: 0.10382755 | P30: +25:25.1 | Q30: =IFERROR(ROUND($O$2/O30*1000,0),0) -> 830
A31: 30 | B31: 64 | C31: LTU | D31: KERZA Saulius | E31: Saulius KERZA | F31: TRItonas | G31: Male | H31: V50 | I31: 1 | J31: 0.018327546 | K31: 0.0019965278 | L31: 0.051115741 | M31: 0.00057523148 | N31: 0.032114583 | O31: 0.10413194 | P31: +25:51.4 | Q31: =IFERROR(ROUND($O$2/O31*1000,0),0) -> 828
A32: 31 | B32: 115 | C32: LTU | D32: ŠLEŽEVIČIUS Evaldas | E32: Evaldas ŠLEŽEVIČIUS | G32: Male | H32: V45 | I32: 4 | J32: 0.021074074 | K32: 0.0014259259 | L32: 0.051083333 | M32: 0.0007349537 | N32: 0.02993287 | O32: 0.10425347 | P32: +26:01.9 | Q32: =IFERROR(ROUND($O$2/O32*1000,0),0) -> 827
A33: 32 | B33: 9 | C33: LTU | D33: BALTRŪNAS Karolis | E33: Karolis BALTRŪNAS | G33: Male | H33: V30 | I33: 8 | J33: 0.023583333 | K33: 0.00128125 | L33: 0.050724537 | M33: 0.00093981481 | N33: 0.027793981 | O33: 0.10432407 | P33: +26:08.0 | Q33: =IFERROR(ROUND($O$2/O33*1000,0),0) -> 826
A34: 33 | B34: 120 | C34: LTU | D34: TURULIS Marius | E34: Marius TURULIS | G34: Male | H34: V45 | I34: 5 | J34: 0.01959375 | K34: 0.0018888889 | L34: 0.052084491 | M34: 0.00066782407 | N34: 0.030216435 | O34: 0.10445255 | P34: +26:19.1 | Q34: =IFERROR(ROUND($O$2/O34*1000,0),0) -> 825
A35: 34 | B35: 110 | C35: LTU | D35: STANKEVIČIUS Lukas | E35: Lukas STANKEVIČIUS | F35: zoomies | G35: Male | H35: V30 | I35: 9 | J35: 0.021862269 | K35: 0.0014166667 | L35: 0.050320602 | M35: 0.0011956019 | N35: 0.030354167 | O35: 0.10515046 | P35: +27:19.4 | Q35: =IFERROR(ROUND($O$2/O35*1000,0),0) -> 820
A36: 35 | B36: 70 | C36: LTU | D36: LUKOŠEVIČIUS Darius | E36: Darius LUKOŠEVIČIUS | F36: Baltas Samurajus | G36: Male | H36: V25 | I36: 5 | J36: 0.023278935 | K36: 0.00079050926 | L36: 0.052381944 | M36: 0.00097800926 | N36: 0.028135417 | O36: 0.10556829 | P36: +27:55.5 | Q36: =IFERROR(ROUND($O$2/O36*1000,0),0) -> 816
A37: 36 | B37: 32 | C37: LTU | D37: GEDVILAS Justinas | E37: Justinas GEDVILAS | F37: BTT | G37: Male | H37: V40 | I37: 8 | J37: 0.021195602 | K37: 0.0013506944 | L37: 0.051041667 | M37: 0.00034143519 | N37: 0.031726852 | O37: 0.10565741 | P37: +28:03.2 | Q37: =IFERROR(ROUND($O$2/O37*1000,0),0) -> 816
A38: 37 | B38: 101 | C38: LTU | D38: RUPSLAUKIS Rolandas | E38: Rolandas RUPSLAUKIS | F38: Klaipėdos Triatlono Klubas | G38: Male | H38: V45 | I38: 6 | J38: 0.021678241 | K38: 0.0018449074 | L38: 0.052461806 | M38: 0.0011041667 | N38: 0.02874537 | O38: 0.10583681 | P38: +28:18.7 | Q38: =IFERROR(ROUND($O$2/O38*1000,0),0) -> 814
A39: 38 | B39: 52 | C39: LTU | D39: KATILAUSKAS Martynas | E39: Martynas KATILAUSKAS | G39: Male | H39: V25 | I39: 6 | J39: 0.021532407 | K39: 0.0018275463 | L39: 0.051444444 | M39: 0.001244213 | N39: 0.030054398 | O39: 0.10610417 | P39: +28:41.8 | Q39: =IFERROR(ROUND($O$2/O39*1000,0),0) -> 812
A40: 39 | B40: 26 | C40: LTU | D40: FEDOROVIČIUS Justas | E40: +9:52.6 | F40: zoomies | G40: Male | H40: V25 | I40: 7 | J40: 0.020493056 | K40: 0.0013715278 | L40: 0.049414352 | M40: 0.00066782407 | N40: 0.034305556 | O40: 0.10625463 | P40: +28:54.8 | Q40: =IFERROR(ROUND($O$2/O40*1000,0),0) -> 811
A41: 40 | B41: 117 | C41: LTU | D41: TIJŪNONIS Darius | E41: Darius TIJŪNONIS | G41: Male | H41: V55 | I41: 1 | J41: 0.0215 | K41: 0.0016284722 | L41: 0.0505625 | M41: 0.0011539352 | N41: 0.032569444 | O41: 0.10741667 | P41: +30:35.2 | Q41: =IFERROR(ROUND($O$2/O41*1000,0),0) -> 802
A42: 41 | B42: 349 | C42: LTU | D42: PUŽAUSKAS Karolis | E42: Karolis PUŽAUSKAS | G42: Male | H42: V35 | I42: 9 | J42: 0.022431713 | K42: 0.0012627315 | L42: 0.050736111 | M42: 0.00063888889 | N42: 0.03262037 | O42: 0.10769097 | P42: +30:58.9 | Q42: =IFERROR(ROUND($O$2/O42*1000,0),0) -> 800
A43: 42 | B43: 86 | C43: LTU | D43: NAVICKAS Matas | E43: Matas NAVICKAS | F43: HighPeaks Lietuva | G43: Male | H43: V25 | I43: 8 | J43: 0.021122685 | K43: 0.0016018519 | L43: 0.052481481 | M43: 0.00066087963 | N43: 0.031972222 | O43: 0.10784144 | P43: +31:11.9 | Q43: =IFERROR(ROUND($O$2/O43*1000,0),0) -> 799
A44: 43 | B44: 121 | C44: LTU | D44: TVERAGA Justas | E44: Justas TVERAGA | G44: Male | H44: V35 | I44: 10 | J44: 0.021962963 | K44: 0.001431713 | L44: 0.053462963 | M44: 0.00066666667 | N44: 0.030423611 | O44: 0.10795023 | P44: +31:21.3 | Q44: =IFERROR(ROUND($O$2/O44*1000,0),0) -> 798
A45: 44 | B45: 116 | C45: LTU | D45: TAMOSAITIS Agnius | E45: Agnius TAMOSAITIS | G45: Male | H45: V40 | I45: 9 | J45: 0.020956019 | K45: 0.001287037 | L45: 0.051534722 | M45: 0.0009849537 | N45: 0.033332176 | O45: 0.10809722 | P45: +31:34.0 | Q45: =IFERROR(ROUND($O$2/O45*1000,0),0) -> 797
A46: 45 | B46: 102 | C46: LTU | D46: SAKALAUSKAS Mantas | E46: Mantas SAKALAUSKAS | F46: HighPeaks Lietuva | G46: Male | H46: V35 | I46: 11 | J46: 0.020731481 | K46: 0.0012858796 | L46: 0.051928241 | M46: 0.00073611111 | N46: 0.034284722 | O46: 0.10896875 | P46: +32:49.3 | Q46: =IFERROR(ROUND($O$2/O46*1000,0),0) -> 791
A47: 46 | B47: 42 | D47: JAKUCEVIČIUS Tomas | E47: Tomas JAKUCEVIČIUS | G47: Male | H47: V35 | I47: 12 | J47: 0.022005787 | K47: 0.0018391204 | L47: 0.054550926 | M47: 0.00063888889 | N47: 0.029949074 | O47: 0.10898727 | P47: +32:50.9 | Q47: =IFERROR(ROUND($O$2/O47*1000,0),0) -> 791
A48: 47 | B48: 17 | C48: LTU | D48: BRUOŽIS Donatas | E48: Donatas BRUOŽIS | G48: Male | H48: V25 | I48: 9 | J48: 0.01990162 | K48: 0.0020497685 | L48: 0.057034722 | M48: 0.0014907407 | N48: 0.028615741 | O48: 0.10909606 | P48: +33:00.3 | Q48: =IFERROR(ROUND($O$2/O48*1000,0),0) -> 790
A49: 48 | B49: 125 | C49: LTU | D49: VELECKAS Simas | E49: Simas VELECKAS | F49: HighPeaks Lietuva | G49: Male | H49: V35 | I49: 13 | J49: 0.017430556 | K49: 0.0011631944 | L49: 0.054622685 | M49: 0.00067708333 | N49: 0.035244213 | O49: 0.10914005 | P49: +33:04.1 | Q49: =IFERROR(ROUND($O$2/O49*1000,0),0) -> 790
A50: 49 | B50: 50 | C50: LTU | D50: JUZUMAS Linas | E50: Linas JUZUMAS | F50: zoomies | G50: Male | H50: V25 | I50: 10 | J50: 0.017991898 | K50: 0.0016550926 | L50: 0.054297454 | M50: 0.00088541667 | N50: 0.03472338 | O50: 0.10955556 | P50: +33:40.0 | Q50: =IFERROR(ROUND($O$2/O50*1000,0),0) -> 787
A51: 50 | B51: 1 | C51: LTU | D51: ABRAITIS Liudvikas | E51: Šarūnas RADZEVIČIUS | F51: HighPeaks Lietuva | G51: Male | H51: V45 | I51: 7 | J51: 0.019539352 | K51: 0.0019803241 | L51: 0.055775463 | M51: 0.0012592593 | N51: 0.031034722 | O51: 0.10959028 | P51: +33:43.0 | Q51: =IFERROR(ROUND($O$2/O51*1000,0),0) -> 786
A52: 51 | B52: 103 | C52: LTU | D52: SEBECKIS Andrius | E52: Andrius SEBECKIS | F52: Klaipėdos Triatlono Klubas | G52: Male | H52: V35 | I52: 14 | J52: 0.020532407 | K52: 0.0015740741 | L52: 0.055625 | M52: 0.00075115741 | N52: 0.031519676 | O52: 0.11000347 | P52: +34:18.7 | Q52: =IFERROR(ROUND($O$2/O52*1000,0),0) -> 783
A53: 52 | B53: 12 | C53: LTU | D53: BAUŽA Vaidotas | E53: Vaidotas BAUŽA | G53: Male | H53: V45 | I53: 8 | J53: 0.023186343 | K53: 0.0013703704 | L53: 0.050607639 | M53: 0.0011446759 | N53: 0.033792824 | O53: 0.11010417 | P53: +34:27.4 | Q53: =IFERROR(ROUND($O$2/O53*1000,0),0) -> 783
A54: 53 | B54: 119 | C54: LTU | D54: TUMA Giedrius | E54: Giedrius TUMA | F54: Klaipėdos Triatlono Klubas | G54: Male | H54: V40 | I54: 10 | J54: 0.023811343 | K54: 0.0016863426 | L54: 0.052892361 | M54: 0.00089236111 | N54: 0.030915509 | O54: 0.11019907 | P54: +34:35.6 | Q54: =IFERROR(ROUND($O$2/O54*1000,0),0) -> 782
A55: 54 | B55: 81 | C55: LTU | D55: MURAŠKA Gediminas | E55: Gediminas MURAŠKA | G55: Male | H55: V40 | I55: 11 | J55: 0.02174537 | K55: 0.0019467593 | L55: 0.055611111 | M55: 0.00069791667 | N55: 0.030326389 | O55: 0.11032986 | P55: +34:46.9 | Q55: =IFERROR(ROUND($O$2/O55*1000,0),0) -> 781
A56: 55 | B56: 69 | C56: LTU | D56: LUCEVICIUS Edvardas | E56: Edvardas LUCEVICIUS | F56: BTT | G56: Male | H56: V50 | I56: 2 | J56: 0.020702546 | K56: 0.00098263889 | L56: 0.053076389 | M56: 0.0010671296 | N56: 0.034571759 | O56: 0.11040278 | P56: +34:53.2 | Q56: =IFERROR(ROUND($O$2/O56*1000,0),0) -> 781
A57: 56 | B57: 80 | C57: LTU | D57: MULEVICIUS Algirdas | E57: Algirdas MULEVICIUS | F57: Tvirtiems Tauriems Taupiems | G57: Male | H57: V30 | I57: 10 | J57: 0.020550926 | K57: 0.0015 | L57: 0.053800926 | M57: 0.00074189815 | N57: 0.034032407 | O57: 0.11062037 | P57: +35:12.0 | Q57: =IFERROR(ROUND($O$2/O57*1000,0),0) -> 779
A58: 57 | B58: 79 | C58: LTU | D58: MOTIEJŪNAS Rokas | E58: Rokas MOTIEJŪNAS | G58: Male | H58: V25 | I58: 11 | J58: 0.022288194 | K58: 0.0015092593 | L58: 0.05483912 | M58: 0.00087731481 | N58: 0.031303241 | O58: 0.11081829 | P58: +35:29.1 | Q58: =IFERROR(ROUND($O$2/O58*1000,0),0) -> 778
A59: 58 | B59: 15 | C59: LTU | D59: BIRŽIETIS Darius | E59: Darius BIRŽIETIS | F59: Individualiai | G59: Male | H59: V55 | I59: 2 | J59: 0.021086806 | K59: 0.0019479167 | L59: 0.05653588 | M59: 0.00093518519 | N59: 0.030498843 | O59: 0.11100694 | P59: +35:45.4 | Q59: =IFERROR(ROUND($O$2/O59*1000,0),0) -> 776
A60: 59 | B60: 106 | C60: LTU | D60: SIDEKERSKIS Mantas | E60: +51:02.5 | F60: HighPeaks Lietuva | G60: Male | H60: V45 | I60: 9 | J60: 0.02458912 | K60: 0.0015196759 | L60: 0.049025463 | M60: 0.00074768519 | N60: 0.035721065 | O60: 0.11160532 | P60: +36:37.1 | Q60: =IFERROR(ROUND($O$2/O60*1000,0),0) -> 772
A61: 60 | B61: 7 | C61: LTU | D61: BALČIŪNAS Ovidijus | E61: +44:11.6 | F61: S-Sportas | G61: Male | H61: V30 | I61: 11 | J61: 0.025634259 | K61: 0.001744213 | L61: 0.053789352 | M61: 0.0016736111 | N61: 0.028797454 | O61: 0.11164005 | P61: +36:40.1 | Q61: =IFERROR(ROUND($O$2/O61*1000,0),0) -> 772
A62: 61 | B62: 36 | C62: LTU | D62: GRAŽINSKIS Domantas | E62: Domantas GRAŽINSKIS | F62: Marijampolės triatlono draugija | G62: Male | H62: V25 | I62: 12 | J62: 0.023178241 | K62: 0.0010092593 | L62: 0.056144676 | M62: 0.00078935185 | N62: 0.030648148 | O62: 0.11177199 | P62: +36:51.5 | Q62: =IFERROR(ROUND($O$2/O62*1000,0),0) -> 771
A63: 62 | B63: 84 | C63: LTU | D63: NASKAUSKAS Kasparas | E63: Kasparas NASKAUSKAS | F63: Trakų Triatlono Būrelis | G63: Male | H63: V30 | I63: 12 | J63: 0.022414352 | K63: 0.0015706019 | L63: 0.058386574 | M63: 0.00060185185 | N63: 0.029009259 | O63: 0.11198495 | P63: +37:09.9 | Q63: =IFERROR(ROUND($O$2/O63*1000,0),0) -> 770
A64: 63 | B64: 27 | D64: FREIBERGS Normunds | E64: Normunds FREIBERGS | G64: Male | H64: V40 | I64: 12 | J64: 0.024787037 | K64: 0.0013518519 | L64: 0.055168981 | M64: 0.00081481481 | N64: 0.029885417 | O64: 0.11200926 | P64: +37:12.0 | Q64: =IFERROR(ROUND($O$2/O64*1000,0),0) -> 769
A65: 64 | B65: 76 | C65: LTU | D65: MAŽUIKA Justinas | E65: Justinas MAŽUIKA | F65: BGK | G65: Male | H65: V30 | I65: 13 | J65: 0.027079861 | K65: 0.001712963 | L65: 0.056137731 | M65: 0.00070717593 | N65: 0.027028935 | O65: 0.11266898 | P65: +38:09.0 | Q65: =IFERROR(ROUND($O$2/O65*1000,0),0) -> 765
A66: 65 | B66: 71 | C66: LTU | D66: MACIULEVIČIUS Arūnas | E66: Arūnas MACIULEVIČIUS | F66: TRItonas | G66: Male | H66: V50 | I66: 3 | J66: 0.022171296 | K66: 0.0013252315 | L66: 0.056201389 | M66: 0.00061689815 | N66: 0.032623843 | O66: 0.11294329 | P66: +38:32.7 | Q66: =IFERROR(ROUND($O$2/O66*1000,0),0) -> 763
A67: 66 | B67: 5 | C67: LTU | D67: BABILIUS Juozas | E67: Juozas BABILIUS | G67: Male | H67: V30 | I67: 14 | J67: 0.025900463 | K67: 0.0016979167 | L67: 0.056747685 | M67: 0.00062384259 | N67: 0.028179398 | O67: 0.11315046 | P67: +38:50.6 | Q67: =IFERROR(ROUND($O$2/O67*1000,0),0) -> 762
A68: 67 | B68: 91 | C68: LTU | D68: PALIULIS Vitas | E68: Vitas PALIULIS | G68: Male | H68: V45 | I68: 10 | J68: 0.023576389 | K68: 0.0019733796 | L68: 0.056559028 | M68: 0.0014016204 | N68: 0.02975 | O68: 0.11326157 | P68: +39:00.2 | Q68: =IFERROR(ROUND($O$2/O68*1000,0),0) -> 761
A69: 68 | B69: 95 | C69: LTU | D69: PIEKURAS Juozas | E69: Juozas PIEKURAS | G69: Male | H69: V35 | I69: 15 | J69: 0.024783565 | K69: 0.0020590278 | L69: 0.053041667 | M69: 0.0010706019 | N69: 0.032755787 | O69: 0.11371296 | P69: +39:39.2 | Q69: =IFERROR(ROUND($O$2/O69*1000,0),0) -> 758
A70: 69 | B70: 33 | C70: LTU | D70: GELGOTA Henrikas | E70: Henrikas GELGOTA | G70: Male | H70: V30 | I70: 15 | J70: 0.020550926 | K70: 0.0019618056 | L70: 0.055251157 | M70: 0.00070023148 | N70: 0.035681713 | O70: 0.11414699 | P70: +40:16.7 | Q70: =IFERROR(ROUND($O$2/O70*1000,0),0) -> 755
A71: 70 | B71: 43 | C71: LTU | D71: JANKAUSKAS Rolandas | E71: Rolandas JANKAUSKAS | G71: Male | H71: V40 | I71: 13 | J71: 0.023351852 | K71: 0.0010972222 | L71: 0.055332176 | M71: 0.00048842593 | N71: 0.034059028 | O71: 0.11433102 | P71: +40:32.6 | Q71: =IFERROR(ROUND($O$2/O71*1000,0),0) -> 754
A72: 71 | B72: 2 | C72: LTU | D72: ADŽGAUSKAS Donatas | E72: Donatas ADŽGAUSKAS | G72: Male | H72: V35 | I72: 16 | J72: 0.030256944 | K72: 0.0024189815 | L72: 0.054118056 | M72: 0.0008599537 | N72: 0.027829861 | O72: 0.11548495 | P72: +42:12.3 | Q72: =IFERROR(ROUND($O$2/O72*1000,0),0) -> 746
A73: 72 | B73: 72 | D73: MANTOROV Maxim | E73: Maxim MANTOROV | F73: Meating Room Sport Team | G73: Male | H73: V40 | I73: 14 | J73: 0.025809028 | K73: 0.0020381944 | L73: 0.055196759 | M73: 0.00061342593 | N73: 0.032288194 | O73: 0.11594792 | P73: +42:52.3 | Q73: =IFERROR(ROUND($O$2/O73*1000,0),0) -> 743
A74: 73 | B74: 133 | C74: LTU | D74: ZOKAITIS Andrius | E74: Andrius ZOKAITIS | F74: Kauno BMK | G74: Male | H74: V45 | I74: 11 | J74: 0.020711806 | K74: 0.004681713 | L74: 0.058201389 | M74: 0.00090972222 | N74: 0.031628472 | O74: 0.11613657 | P74: +43:08.6 | Q74: =IFERROR(ROUND($O$2/O74*1000,0),0) -> 742
A75: 74 | B75: 8 | C75: LTU | D75: BALTĖNAS Dainius | E75: Dainius BALTĖNAS | F75: Iron Jakudza | G75: Male | H75: V35 | I75: 17 | J75: 0.022101852 | K75: 0.0018425926 | L75: 0.055069444 | M75: 0.00090972222 | N75: 0.036571759 | O75: 0.11649537 | P75: +43:39.6 | Q75: =IFERROR(ROUND($O$2/O75*1000,0),0) -> 740
A76: 75 | B76: 62 | C76: LTU | D76: KEMEŽYTĖ Dagnė | E76: Dagnė KEMEŽYTĖ | G76: Female | H76: M25 | I76: 1 | J76: 0.02152662 | K76: 0.0017048611 | L76: 0.058770833 | M76: 0.00069791667 | N76: 0.033875 | O76: 0.11657755 | P76: +43:46.7 | Q76: =IFERROR(ROUND($O$2/O76*1000,0),0) -> 739
A77: 76 | B77: 3 | C77: LTU | D77: ALŪZĖ Lina | E77: Lina ALŪZĖ | F77: TRItonas | G77: Female | H77: M40 | I77: 1 | J77: 0.024246528 | K77: 0.0017951389 | L77: 0.059502315 | M77: 0.0011296296 | N77: 0.030181713 | O77: 0.11685764 | P77: +44:10.9 | Q77: =IFERROR(ROUND($O$2/O77*1000,0),0) -> 737
A78: 77 | B78: 38 | C78: LTU | D78: GRIŽAS Ronaldas | E78: Ronaldas GRIŽAS | G78: Male | H78: V30 | I78: 16 | J78: 0.023456019 | K78: 0.0019861111 | L78: 0.058872685 | M78: 0.0007974537 | N78: 0.032208333 | O78: 0.11732292 | P78: +44:51.1 | Q78: =IFERROR(ROUND($O$2/O78*1000,0),0) -> 735
A79: 78 | B79: 104 | C79: LTU | D79: SEDEKERSKIS Giedrius | E79: Giedrius SEDEKERSKIS | G79: Male | H79: V35 | I79: 18 | J79: 0.023712963 | K79: 0.001775463 | L79: 0.059988426 | M79: 0.00076736111 | N79: 0.031158565 | O79: 0.11740509 | P79: +44:58.2 | Q79: =IFERROR(ROUND($O$2/O79*1000,0),0) -> 734
A80: 79 | B80: 94 | C80: LAT | D80: PETROVS Andrejs | E80: Andrejs PETROVS | F80: Triatlona Akademija | G80: Male | H80: V40 | I80: 15 | J80: 0.021024306 | K80: 0.0016805556 | L80: 0.056555556 | M80: 0.00099074074 | N80: 0.037165509 | O80: 0.11741782 | P80: +44:59.3 | Q80: =IFERROR(ROUND($O$2/O80*1000,0),0) -> 734
A81: 80 | B81: 124 | D81: VASILIAUSKAS Vytautas | E81: Vytautas VASILIAUSKAS | F81: vvsport | G81: Male | H81: V35 | I81: 19 | J81: 0.025760417 | K81: 0.0015300926 | L81: 0.057351852 | M81: 0.00065046296 | N81: 0.032469907 | O81: 0.1177662 | P81: +45:29.4 | Q81: =IFERROR(ROUND($O$2/O81*1000,0),0) -> 732
A82: 81 | B82: 48 | C82: LTU | D82: JUKNYTE Gabija | E82: Gabija JUKNYTE | F82: HighPeaks Lietuva | G82: Female | H82: M25 | I82: 2 | J82: 0.023265046 | K82: 0.00125 | L82: 0.059677083 | M82: 0.00043518519 | N82: 0.033146991 | O82: 0.11777662 | P82: +45:30.3 | Q82: =IFERROR(ROUND($O$2/O82*1000,0),0) -> 732
A83: 82 | B83: 37 | C83: LTU | D83: GRICIUS Mantas | E83: Mantas GRICIUS | F83: HighPeaks Lietuva | G83: Male | H83: V40 | I83: 16 | J83: 0.022201389 | K83: 0.0010543981 | L83: 0.058391204 | M83: 0.00064351852 | N83: 0.035857639 | O83: 0.11815162 | P83: +46:02.7 | Q83: =IFERROR(ROUND($O$2/O83*1000,0),0) -> 729
A84: 83 | B84: 61 | C84: LTU | D84: KELIUOTIS Ramūnas | E84: Ramūnas KELIUOTIS | F84: HighPeaks Lietuva | G84: Male | H84: V50 | I84: 4 | J84: 0.024243056 | K84: 0.0019398148 | L84: 0.057126157 | M84: 0.00077546296 | N84: 0.034408565 | O84: 0.11849421 | P84: +46:32.3 | Q84: =IFERROR(ROUND($O$2/O84*1000,0),0) -> 727
A85: 84 | B85: 46 | C85: LTU | D85: JONKUS Tomas | E85: Tomas JONKUS | F85: Danske Bank | G85: Male | H85: V35 | I85: 20 | J85: 0.025273148 | K85: 0.0020625 | L85: 0.057949074 | M85: 0.0011643519 | N85: 0.032077546 | O85: 0.11852894 | P85: +46:35.3 | Q85: =IFERROR(ROUND($O$2/O85*1000,0),0) -> 727
A86: 85 | B86: 114 | C86: LTU | D86: ŠATKUS Laurynas | E86: Laurynas ŠATKUS | F86: IRON DZOBIS | G86: Male | H86: V25 | I86: 13 | J86: 0.025270833 | K86: 0.0023194444 | L86: 0.055428241 | M86: 0.00089583333 | N86: 0.034915509 | O86: 0.11883102 | P86: +47:01.4 | Q86: =IFERROR(ROUND($O$2/O86*1000,0),0) -> 725
A87: 86 | B87: 130 | C87: LTU | D87: VOINIČ Valdemar | E87: Valdemar VOINIČ | G87: Male | H87: V35 | I87: 21 | J87: 0.026752315 | K87: 0.0022881944 | L87: 0.056627315 | M87: 0.00084027778 | N87: 0.032966435 | O87: 0.11947569 | P87: +47:57.1 | Q87: =IFERROR(ROUND($O$2/O87*1000,0),0) -> 721
A88: 87 | B88: 108 | C88: LTU | D88: SKINDEL Andzej | E88: Andzej SKINDEL | G88: Male | H88: V40 | I88: 17 | J88: 0.025021991 | K88: 0.0019166667 | L88: 0.054872685 | M88: 0.0010069444 | N88: 0.036700231 | O88: 0.11952199 | P88: +48:01.1 | Q88: =IFERROR(ROUND($O$2/O88*1000,0),0) -> 721
A89: 88 | B89: 49 | C89: LTU | D89: JUREVIČIUS Andrius | E89: Andrius JUREVIČIUS | F89: Stido | G89: Male | H89: V30 | I89: 17 | J89: 0.023270833 | K89: 0.0019178241 | L89: 0.057221065 | M89: 0.00099537037 | N89: 0.036594907 | O89: 0.12000231 | P89: +48:42.6 | Q89: =IFERROR(ROUND($O$2/O89*1000,0),0) -> 718
A90: 89 | B90: 89 | C90: LTU | D90: OLŠAUSKAS Artūras | E90: Artūras OLŠAUSKAS | G90: Male | H90: V40 | I90: 18 | J90: 0.02487963 | K90: 0.0017372685 | L90: 0.059666667 | M90: 0.0011585648 | N90: 0.032751157 | O90: 0.1201956 | P90: +48:59.3 | Q90: =IFERROR(ROUND($O$2/O90*1000,0),0) -> 717
A91: 90 | B91: 45 | C91: LTU | D91: JAŠINAS Gediminas | E91: Gediminas JAŠINAS | F91: HighPeaks Lietuva | G91: Male | H91: V30 | I91: 18 | J91: 0.024415509 | K91: 0.0012326389 | L91: 0.054417824 | M91: 0.00082060185 | N91: 0.041802083 | O91: 0.12269213 | P91: +52:35.0 | Q91: =IFERROR(ROUND($O$2/O91*1000,0),0) -> 702
A92: 91 | B92: 78 | C92: LTU | D92: MINKOVSKIJ Danielis | E92: Danielis MINKOVSKIJ | G92: Male | H92: V30 | I92: 19 | J92: 0.027085648 | K92: 0.0025300926 | L92: 0.060488426 | M92: 0.0011689815 | N92: 0.031461806 | O92: 0.12273727 | P92: +52:38.9 | Q92: =IFERROR(ROUND($O$2/O92*1000,0),0) -> 702
A93: 92 | B93: 99 | D93: RIMUTIS Martynas | E93: Martynas RIMUTIS | F93: HighPeaks Lietuva | G93: Male | H93: V35 | I93: 22 | J93: 0.024104167 | K93: 0.00045138889 | L93: 0.062777778 | M93: 0.00065972222 | N93: 0.034803241 | O93: 0.1227963 | P93: +52:44.0 | Q93: =IFERROR(ROUND($O$2/O93*1000,0),0) -> 702
A94: 93 | B94: 73 | D94: MARCINKEVICIENE Gintare | E94: Gintare MARCINKEVICIENE | F94: zoomies | G94: Female | H94: M30 | I94: 1 | J94: 0.022164352 | K94: 0.0013865741 | L94: 0.061612269 | M94: 0.00072685185 | N94: 0.037435185 | O94: 0.12332755 | P94: +53:29.9 | Q94: =IFERROR(ROUND($O$2/O94*1000,0),0) -> 699
A95: 94 | B95: 82 | C95: LTU | D95: NAGYS Paulius | E95: Paulius NAGYS | F95: zoomies | G95: Male | H95: V40 | I95: 19 | J95: 0.02550463 | K95: 0.0021145833 | L95: 0.057489583 | M95: 0.00086921296 | N95: 0.037347222 | O95: 0.12332755 | P95: +53:29.9 | Q95: =IFERROR(ROUND($O$2/O95*1000,0),0) -> 699
A96: 95 | B96: 122 | C96: LTU | D96: URBUTIS Arius | E96: Arius URBUTIS | F96: Klaipėdos Triatlono Klubas | G96: Male | H96: V40 | I96: 20 | J96: 0.026601852 | K96: 0.0022013889 | L96: 0.059444444 | M96: 0.0010081019 | N96: 0.034135417 | O96: 0.12339352 | P96: +53:35.6 | Q96: =IFERROR(ROUND($O$2/O96*1000,0),0) -> 698
A97: 96 | B97: 137 | C97: LTU | D97: STASIUKYNAS Jonas | E97: +9:51.6 | F97: BTT | G97: Male | H97: V50 | I97: 5 | J97: 0.021663194 | K97: 0.0015810185 | L97: 0.055476852 | M97: 0.00080671296 | N97: 0.043898148 | O97: 0.12342708 | P97: +53:38.5 | Q97: =IFERROR(ROUND($O$2/O97*1000,0),0) -> 698
A98: 97 | B98: 22 | C98: LTU | D98: DAGYS Tolmantas | E98: Tolmantas DAGYS | F98: Love Streams Running | G98: Male | H98: V30 | I98: 20 | J98: 0.023758102 | K98: 0.0015983796 | L98: 0.058149306 | M98: 0.0012986111 | N98: 0.038766204 | O98: 0.12357407 | P98: +53:51.2 | Q98: =IFERROR(ROUND($O$2/O98*1000,0),0) -> 697
A99: 98 | B99: 129 | C99: LTU | D99: VILKENIS Arūnas | E99: Arūnas VILKENIS | G99: Male | H99: V45 | I99: 12 | J99: 0.025533565 | K99: 0.0032951389 | L99: 0.057199074 | M99: 0.0012106481 | N99: 0.037626157 | O99: 0.12486574 | P99: +55:42.8 | Q99: =IFERROR(ROUND($O$2/O99*1000,0),0) -> 690
A100: 99 | B100: 60 | C100: LTU | D100: KEINYTĖ Jūratė | E100: Jūratė KEINYTĖ | F100: TRItonas | G100: Female | H100: M40 | I100: 2 | J100: 0.029318287 | K100: 0.0025902778 | L100: 0.052351852 | M100: 0.0011354167 | N100: 0.039633102 | O100: 0.12503125 | P100: +55:57.1 | Q100: =IFERROR(ROUND($O$2/O100*1000,0),0) -> 689
...

Sheet Veisiejai
A1: Pl. | B1: Bib | D1: Name | E1: Name Name | F1: Club | G1: Sx | H1: Cat | I1: By cat. | J1: Swimming | K1: T1 | L1: Bike | M1: T2 | N1: Running | O1: Time | P1: Gap
A2: 1 | B2: 14 | C2: LTU | D2: BUTRIMAVIČIUS Marijus | E2: Marijus BUTRIMAVIČIUS | F2: Trakų Sporto Centras | G2: Male | H2: V40 | J2: 0.016337963 | K2: 0.00097453704 | L2: 0.037715278 | M2: 0.00060532407 | N2: 0.025543981 | O2: 0.081179398 | Q2: =IFERROR(ROUND($O$2/O2*1000,0),0) -> 1000
A3: 2 | B3: 38 | C3: LTU | D3: JABLONSKIS Mantas | E3: Mantas JABLONSKIS | F3: TRItonas | G3: Male | H3: V30 | J3: 0.0164375 | K3: 0.0010636574 | L3: 0.039978009 | M3: 0.000625 | N3: 0.025636574 | O3: 0.083741898 | P3: +3:41.4 | Q3: =IFERROR(ROUND($O$2/O3*1000,0),0) -> 969
A4: 3 | B4: 105 | C4: LTU | D4: ZARAUSKAS Džiugas | E4: Džiugas ZARAUSKAS | G4: Male | H4: V25 | J4: 0.018484954 | K4: 0.0011863426 | L4: 0.040744213 | M4: 0.00034259259 | N4: 0.025158565 | O4: 0.085920139 | P4: +6:49.6 | Q4: =IFERROR(ROUND($O$2/O4*1000,0),0) -> 945
A5: 4 | B5: 76 | C5: LTU | D5: PEČIUKONIS Povilas | E5: Povilas PEČIUKONIS | F5: HighPeaks Lietuva | G5: Male | H5: V30 | I5: 1 | J5: 0.01769213 | K5: 0.00078125 | L5: 0.041596065 | M5: 0.00046412037 | N5: 0.025974537 | O5: 0.086510417 | P5: +7:40.6 | Q5: =IFERROR(ROUND($O$2/O5*1000,0),0) -> 938
A6: 5 | B6: 107 | C6: LTU | D6: STULGYS Donatas | E6: Donatas STULGYS | F6: S-Sportas | G6: Male | H6: V40 | I6: 1 | J6: 0.017347222 | K6: 0.00088773148 | L6: 0.041943287 | M6: 0.00033449074 | N6: 0.026744213 | O6: 0.087258102 | P6: +8:45.2 | Q6: =IFERROR(ROUND($O$2/O6*1000,0),0) -> 930
A7: 6 | B7: 64 | C7: LTU | D7: MASIONIS Darius | E7: Darius MASIONIS | F7: MASIONIS KŪNO BALANSO TERAPIJA | G7: Male | H7: V45 | I7: 1 | J7: 0.017105324 | K7: 0.0012152778 | L7: 0.043127315 | M7: 0.0004837963 | N7: 0.026611111 | O7: 0.088545139 | P7: +10:36.4 | Q7: =IFERROR(ROUND($O$2/O7*1000,0),0) -> 917
A8: 7 | B8: 13 | C8: LTU | D8: BURBULIS Tomas | E8: Tomas BURBULIS | F8: Trakų Sporto Centras | G8: Male | H8: V35 | I8: 1 | J8: 0.017988426 | K8: 0.0011712963 | L8: 0.042653935 | M8: 0.00040856481 | N8: 0.027224537 | O8: 0.089450231 | P8: +11:54.6 | Q8: =IFERROR(ROUND($O$2/O8*1000,0),0) -> 908
A9: 8 | B9: 78 | C9: LTU | D9: POŠKUS Vaidotas | E9: Vaidotas POŠKUS | G9: Male | H9: V30 | I9: 2 | J9: 0.015628472 | K9: 0.0011030093 | L9: 0.044945602 | M9: 0.00076388889 | N9: 0.029233796 | O9: 0.091677083 | P9: +15:07.0 | Q9: =IFERROR(ROUND($O$2/O9*1000,0),0) -> 885
A10: 9 | B10: 75 | C10: LTU | D10: PAVALKIS Evaldas | E10: Evaldas PAVALKIS | G10: Male | H10: V30 | I10: 3 | J10: 0.0199375 | K10: 0.00090740741 | L10: 0.041670139 | M10: 0.00055787037 | N10: 0.029337963 | O10: 0.092413194 | P10: +16:10.6 | Q10: =IFERROR(ROUND($O$2/O10*1000,0),0) -> 878
A11: 10 | B11: 111 | C11: LTU | D11: VOLKOVICKI Julian | E11: Julian VOLKOVICKI | F11: zoomies | G11: Male | H11: V40 | I11: 2 | J11: 0.017371528 | K11: 0.0011273148 | L11: 0.044236111 | M11: 0.00047453704 | N11: 0.030128472 | O11: 0.093341435 | P11: +17:30.8 | Q11: =IFERROR(ROUND($O$2/O11*1000,0),0) -> 870
A12: 11 | B12: 49 | C12: LTU | D12: KEREVIČIUS Dominykas | E12: Dominykas KEREVIČIUS | F12: zoomies | G12: Male | H12: V25 | I12: 1 | J12: 0.017436343 | K12: 0.0010601852 | L12: 0.046288194 | M12: 0.0004837963 | N12: 0.02849537 | O12: 0.093767361 | P12: +18:07.6 | Q12: =IFERROR(ROUND($O$2/O12*1000,0),0) -> 866
A13: 12 | B13: 87 | C13: LTU | D13: SAKALAUSKAS Simas | E13: Simas SAKALAUSKAS | F13: BTT | G13: Male | H13: V25 | I13: 2 | J13: 0.01775 | K13: 0.0014293981 | L13: 0.044793981 | M13: 0.00074189815 | N13: 0.02928588 | O13: 0.094003472 | P13: +18:28.0 | Q13: =IFERROR(ROUND($O$2/O13*1000,0),0) -> 864
A14: 13 | B14: 60 | C14: LTU | D14: MARCINKEVIČIUS Mantas | E14: Mantas MARCINKEVIČIUS | F14: TRItonas | G14: Male | H14: V40 | I14: 3 | J14: 0.018118056 | K14: 0.0015949074 | L14: 0.044927083 | M14: 0.00051157407 | N14: 0.028966435 | O14: 0.09412037 | P14: +18:38.1 | Q14: =IFERROR(ROUND($O$2/O14*1000,0),0) -> 863
A15: 14 | B15: 51 | C15: LTU | D15: KUBILIUS Mantas | E15: Mantas KUBILIUS | G15: Male | H15: V30 | I15: 4 | J15: 0.01984838 | K15: 0.0010416667 | L15: 0.046393519 | M15: 0.00041666667 | N15: 0.026494213 | O15: 0.094196759 | P15: +18:44.7 | Q15: =IFERROR(ROUND($O$2/O15*1000,0),0) -> 862
A16: 15 | B16: 27 | C16: LTU | D16: GADRUS Eimantas | E16: Eimantas GADRUS | F16: HighPeaks Lietuva | G16: Male | H16: V30 | I16: 5 | J16: 0.020625 | K16: 0.001337963 | L16: 0.043997685 | M16: 0.00042361111 | N16: 0.027922454 | O16: 0.094309028 | P16: +18:54.4 | Q16: =IFERROR(ROUND($O$2/O16*1000,0),0) -> 861
A17: 16 | B17: 31 | C17: LTU | D17: GERVELĖ Arvydas | E17: Arvydas GERVELĖ | F17: TRItonas | G17: Male | H17: V45 | I17: 2 | J17: 0.019291667 | K17: 0.0012858796 | L17: 0.044184028 | M17: 0.00063194444 | N17: 0.029097222 | O17: 0.094491898 | P17: +19:10.2 | Q17: =IFERROR(ROUND($O$2/O17*1000,0),0) -> 859
A18: 17 | B18: 57 | C18: LTU | D18: LUKOŠEVIČIUS Darius | E18: Darius LUKOŠEVIČIUS | F18: Baltas Samurajus | G18: Male | H18: V25 | I18: 3 | J18: 0.019399306 | K18: 0.0010543981 | L18: 0.046188657 | M18: 0.00063773148 | N18: 0.027837963 | O18: 0.09512037 | P18: +20:04.5 | Q18: =IFERROR(ROUND($O$2/O18*1000,0),0) -> 853
A19: 18 | B19: 28 | C19: LTU | D19: GAIZAUSKAS Evaldas | E19: Evaldas GAIZAUSKAS | G19: Male | H19: V35 | I19: 2 | J19: 0.020043981 | K19: 0.0010590278 | L19: 0.044918981 | M19: 0.00029282407 | N19: 0.028818287 | O19: 0.095136574 | P19: +20:05.9 | Q19: =IFERROR(ROUND($O$2/O19*1000,0),0) -> 853
A20: 19 | B20: 82 | C20: LTU | D20: RADZEVIČIUS Šarūnas | E20: Šarūnas RADZEVIČIUS | G20: Male | H20: V35 | I20: 3 | J20: 0.022479167 | K20: 0.0020833333 | L20: 0.044700231 | M20: 0.00089236111 | N20: 0.025746528 | O20: 0.095903935 | P20: +21:12.2 | Q20: =IFERROR(ROUND($O$2/O20*1000,0),0) -> 846
A21: 20 | B21: 54 | C21: LTU | D21: LABŽENTIS Linas | E21: Linas LABŽENTIS | F21: Klaipėdos Triatlono Klubas | G21: Male | H21: V35 | I21: 4 | J21: 0.024128472 | K21: 0.0011863426 | L21: 0.041953704 | M21: 0.00064236111 | N21: 0.028783565 | O21: 0.096697917 | P21: +22:20.8 | Q21: =IFERROR(ROUND($O$2/O21*1000,0),0) -> 840
A22: 21 | B22: 7 | C22: LTU | D22: BALTRŪNAS Karolis | E22: Karolis BALTRŪNAS | G22: Male | H22: V30 | I22: 6 | J22: 0.022269676 | K22: 0.0014513889 | L22: 0.044571759 | M22: 0.00049074074 | N22: 0.027916667 | O22: 0.096702546 | P22: +22:21.2 | Q22: =IFERROR(ROUND($O$2/O22*1000,0),0) -> 839
A23: 22 | B23: 90 | C23: LTU | D23: SEREIČIKAS Arvydas | E23: Arvydas SEREIČIKAS | F23: TRItonas | G23: Male | H23: V40 | I23: 4 | J23: 0.020048611 | K23: 0.0011423611 | L23: 0.045751157 | M23: 0.00087731481 | N23: 0.029121528 | O23: 0.096944444 | P23: +22:42.1 | Q23: =IFERROR(ROUND($O$2/O23*1000,0),0) -> 837
A24: 23 | B24: 98 | C24: LTU | D24: TREINYS Žilvinas | E24: Žilvinas TREINYS | F24: IKIGAI team | G24: Male | H24: V40 | I24: 5 | J24: 0.017880787 | K24: 0.0016898148 | L24: 0.04527662 | M24: 0.00081597222 | N24: 0.031361111 | O24: 0.09702662 | P24: +22:49.2 | Q24: =IFERROR(ROUND($O$2/O24*1000,0),0) -> 837
A25: 24 | B25: 29 | C25: LTU | D25: TURULIS Marius | E25: Marius TURULIS | G25: Male | H25: V45 | I25: 3 | J25: 0.018351852 | K25: 0.0020347222 | L25: 0.046436343 | M25: 0.00075462963 | N25: 0.030715278 | O25: 0.098293981 | P25: +24:38.7 | Q25: =IFERROR(ROUND($O$2/O25*1000,0),0) -> 826
A26: 25 | B26: 3 | C26: LTU | D26: ANDRIEKUS Paulius | E26: Paulius ANDRIEKUS | F26: HighPeaks Lietuva | G26: Male | H26: V30 | I26: 7 | J26: 0.021519676 | K26: 0.0017893519 | L26: 0.046936343 | M26: 0.00041782407 | N26: 0.028127315 | O26: 0.098791667 | P26: +25:21.7 | Q26: =IFERROR(ROUND($O$2/O26*1000,0),0) -> 822
A27: 26 | B27: 26 | C27: LTU | D27: FEDOROVIČIUS Justas | E27: +9:52.6 | F27: zoomies | G27: Male | H27: V25 | I27: 4 | J27: 0.01921875 | K27: 0.0015069444 | L27: 0.045898148 | M27: 0.00058449074 | N27: 0.031721065 | O27: 0.098931713 | P27: +25:33.8 | Q27: =IFERROR(ROUND($O$2/O27*1000,0),0) -> 821
A28: 27 | B28: 50 | C28: LTU | D28: KERZA Saulius | E28: Saulius KERZA | F28: TRItonas | G28: Male | H28: V50 | I28: 1 | J28: 0.017768519 | K28: 0.0017175926 | L28: 0.047060185 | M28: 0.00050925926 | N28: 0.0328125 | O28: 0.099869213 | P28: +26:54.8 | Q28: =IFERROR(ROUND($O$2/O28*1000,0),0) -> 813
A29: 28 | B29: 67 | C29: LTU | D29: MULEVICIUS Algirdas | E29: Algirdas MULEVICIUS | F29: Tvirtiems Tauriems Taupiems | G29: Male | H29: V30 | I29: 8 | J29: 0.018863426 | K29: 0.0014108796 | L29: 0.048097222 | M29: 0.0004837963 | N29: 0.031447917 | O29: 0.1003044 | P29: +27:32.4 | Q29: =IFERROR(ROUND($O$2/O29*1000,0),0) -> 809
A30: 29 | B30: 33 | C30: LTU | D30: GRINCEVIČIUS Tadas | E30: Tadas GRINCEVIČIUS | F30: zoomies | G30: Male | H30: V35 | I30: 5 | J30: 0.020393519 | K30: 0.0017511574 | L30: 0.047135417 | M30: 0.00060069444 | N30: 0.030449074 | O30: 0.10033218 | P30: +27:34.8 | Q30: =IFERROR(ROUND($O$2/O30*1000,0),0) -> 809
A31: 30 | B31: 80 | C31: LTU | D31: PUŽAUSKAS Karolis | E31: Karolis PUŽAUSKAS | G31: Male | H31: V35 | I31: 6 | J31: 0.021703704 | K31: 0.0014502315 | L31: 0.044560185 | M31: 0.00065625 | N31: 0.032090278 | O31: 0.10046181 | P31: +27:46.0 | Q31: =IFERROR(ROUND($O$2/O31*1000,0),0) -> 808
A32: 31 | B32: 45 | C32: LTU | D32: KATILAUSKAS Martynas | E32: Martynas KATILAUSKAS | G32: Male | H32: V25 | I32: 5 | J32: 0.021991898 | K32: 0.0018136574 | L32: 0.046232639 | M32: 0.001025463 | N32: 0.029819444 | O32: 0.10088542 | P32: +28:22.6 | Q32: =IFERROR(ROUND($O$2/O32*1000,0),0) -> 805
A33: 32 | B33: 100 | C33: LTU | D33: VELUTIS Vaidas | E33: Vaidas VELUTIS | F33: TRItonas | G33: Male | H33: V40 | I33: 6 | J33: 0.019482639 | K33: 0.0015208333 | L33: 0.04605787 | M33: 0.00037268519 | N33: 0.033545139 | O33: 0.10098148 | P33: +28:30.9 | Q33: =IFERROR(ROUND($O$2/O33*1000,0),0) -> 804
A34: 33 | B34: 44 | C34: LTU | D34: KATILAUSKAS Antanas | E34: Antanas KATILAUSKAS | G34: Male | H34: V25 | I34: 6 | J34: 0.02175463 | K34: 0.0016689815 | L34: 0.044074074 | M34: 0.0010011574 | N34: 0.032626157 | O34: 0.10112731 | P34: +28:43.5 | Q34: =IFERROR(ROUND($O$2/O34*1000,0),0) -> 803
A35: 34 | B35: 109 | C35: LTU | D35: KATKUS Evaldas | E35: Evaldas KATKUS | G35: Male | H35: V40 | I35: 7 | J35: 0.021800926 | K35: 0.0016400463 | L35: 0.048748843 | M35: 0.00066203704 | N35: 0.028726852 | O35: 0.10158102 | P35: +29:22.7 | Q35: =IFERROR(ROUND($O$2/O35*1000,0),0) -> 799
A36: 35 | B36: 103 | C36: LTU | D36: VRUBLIAUSKAS Modestas | E36: Modestas VRUBLIAUSKAS | F36: HighPeaks Lietuva | G36: Male | H36: V30 | I36: 9 | J36: 0.02165625 | K36: 0.0018240741 | L36: 0.047972222 | M36: 0.00052430556 | N36: 0.029667824 | O36: 0.10164699 | P36: +29:28.4 | Q36: =IFERROR(ROUND($O$2/O36*1000,0),0) -> 799
A37: 36 | B37: 70 | C37: LTU | D37: NAVICKAS Matas | E37: Matas NAVICKAS | F37: HighPeaks Lietuva | G37: Male | H37: V25 | I37: 7 | J37: 0.02002662 | K37: 0.0014513889 | L37: 0.048387731 | M37: 0.0006875 | N37: 0.031092593 | O37: 0.10164815 | P37: +29:28.5 | Q37: =IFERROR(ROUND($O$2/O37*1000,0),0) -> 799
A38: 37 | B38: 56 | C38: LTU | D38: LUCEVICIUS Edvardas | E38: Edvardas LUCEVICIUS | F38: BTT | G38: Male | H38: V50 | I38: 2 | J38: 0.019903935 | K38: 0.0014155093 | L38: 0.047263889 | M38: 0.00081944444 | N38: 0.032603009 | O38: 0.10200694 | P38: +29:59.5 | Q38: =IFERROR(ROUND($O$2/O38*1000,0),0) -> 796
A39: 38 | B39: 39 | C39: LTU | D39: JAKUCEVIČIUS Tomas | E39: Tomas JAKUCEVIČIUS | G39: Male | H39: V35 | I39: 7 | J39: 0.021638889 | K39: 0.0028680556 | L39: 0.04778125 | M39: 0.00060763889 | N39: 0.029315972 | O39: 0.10221412 | P39: +30:17.4 | Q39: =IFERROR(ROUND($O$2/O39*1000,0),0) -> 794
A40: 39 | B40: 6 | C40: LTU | D40: BALČIŪNAS Ovidijus | E40: +44:11.6 | F40: S-Sportas | G40: Male | H40: V30 | I40: 10 | J40: 0.02393287 | K40: 0.0016365741 | L40: 0.048023148 | M40: 0.00038541667 | N40: 0.029084491 | O40: 0.10306366 | P40: +31:30.8 | Q40: =IFERROR(ROUND($O$2/O40*1000,0),0) -> 788
A41: 40 | B41: 10 | C41: LTU | D41: BAUŽA Vaidotas | E41: Vaidotas BAUŽA | G41: Male | H41: V45 | I41: 4 | J41: 0.022675926 | K41: 0.0011157407 | L41: 0.044388889 | M41: 0.0005787037 | N41: 0.034327546 | O41: 0.10308912 | P41: +31:33.0 | Q41: =IFERROR(ROUND($O$2/O41*1000,0),0) -> 787
A42: 41 | B42: 110 | C42: LTU | D42: KARMAZA Juozas | E42: Juozas KARMAZA | F42: TRItonas | G42: Male | H42: V40 | I42: 8 | J42: 0.021341435 | K42: 0.0010960648 | L42: 0.049332176 | M42: 0.00044097222 | N42: 0.031390046 | O42: 0.10360301 | P42: +32:17.4 | Q42: =IFERROR(ROUND($O$2/O42*1000,0),0) -> 784
A43: 42 | B43: 30 | C43: LTU | D43: GELGOTA Henrikas | E43: Henrikas GELGOTA | G43: Male | H43: V30 | I43: 11 | J43: 0.019325231 | K43: 0.0016157407 | L43: 0.048484954 | M43: 0.00039930556 | N43: 0.034607639 | O43: 0.10443403 | P43: +33:29.2 | Q43: =IFERROR(ROUND($O$2/O43*1000,0),0) -> 777
A44: 43 | B44: 2 | C44: LTU | D44: ABRAITIS Liudvikas | E44: Šarūnas RADZEVIČIUS | F44: HighPeaks Lietuva | G44: Male | H44: V45 | I44: 5 | J44: 0.018684028 | K44: 0.0023773148 | L44: 0.051216435 | M44: 0.001037037 | N44: 0.031524306 | O44: 0.10484028 | P44: +34:04.3 | Q44: =IFERROR(ROUND($O$2/O44*1000,0),0) -> 774
A45: 44 | B45: 16 | C45: LTU | D45: CHRIMLIS Lukas | E45: Lukas CHRIMLIS | F45: Tavo Tėvas | G45: Male | H45: V25 | I45: 8 | J45: 0.019993056 | K45: 0.0019456019 | L45: 0.049929398 | M45: 0.0011990741 | N45: 0.031811343 | O45: 0.10487963 | P45: +34:07.7 | Q45: =IFERROR(ROUND($O$2/O45*1000,0),0) -> 774
A46: 45 | B46: 91 | C46: LTU | D46: SIDEKERSKIS Mantas | E46: +51:02.5 | F46: HighPeaks Lietuva | G46: Male | H46: V45 | I46: 6 | J46: 0.023951389 | K46: 0.0018761574 | L46: 0.043690972 | M46: 0.00046296296 | N46: 0.035635417 | O46: 0.10561921 | P46: +35:11.6 | Q46: =IFERROR(ROUND($O$2/O46*1000,0),0) -> 769
A47: 46 | B47: 12 | C47: LTU | D47: BIRŽIETIS Darius | E47: Darius BIRŽIETIS | F47: Individualiai | G47: Male | H47: V55 | I47: 1 | J47: 0.02175463 | K47: 0.0019097222 | L47: 0.050428241 | M47: 0.0010300926 | N47: 0.030921296 | O47: 0.10604398 | P47: +35:48.3 | Q47: =IFERROR(ROUND($O$2/O47*1000,0),0) -> 766
A48: 47 | B48: 42 | C48: LTU | D48: JURKEVIČIUS Tomas | E48: Tomas JURKEVIČIUS | G48: Male | H48: V30 | I48: 12 | J48: 0.019334491 | K48: 0.0011574074 | L48: 0.0503125 | M48: 0.00032407407 | N48: 0.035125 | O48: 0.10625463 | P48: +36:06.5 | Q48: =IFERROR(ROUND($O$2/O48*1000,0),0) -> 764
A49: 48 | B49: 1 | C49: LTU | D49: ABARIUS Kęstutis | E49: Kęstutis ABARIUS | F49: zoomies | G49: Male | H49: V30 | I49: 13 | J49: 0.022880787 | K49: 0.0020474537 | L49: 0.048603009 | M49: 0.001099537 | N49: 0.031885417 | O49: 0.10651852 | P49: +36:29.3 | Q49: =IFERROR(ROUND($O$2/O49*1000,0),0) -> 762
A50: 49 | B50: 93 | C50: LTU | D50: STRAVINSKAS Paulius | E50: Paulius STRAVINSKAS | F50: HighPeaks Lietuva | G50: Male | H50: V25 | I50: 9 | J50: 0.022725694 | K50: 0.0015092593 | L50: 0.049538194 | M50: 0.00078703704 | N50: 0.032109954 | O50: 0.10667245 | P50: +36:42.6 | Q50: =IFERROR(ROUND($O$2/O50*1000,0),0) -> 761
A51: 50 | B51: 95 | C51: LTU | D51: ŠIDLAUSKIENĖ Sigita | E51: Sigita ŠIDLAUSKIENĖ | F51: TRItonas | G51: Female | H51: M40 | J51: 0.018918981 | K51: 0.0014456019 | L51: 0.052412037 | M51: 0.00051273148 | N51: 0.03352662 | O51: 0.10681829 | P51: +36:55.2 | Q51: =IFERROR(ROUND($O$2/O51*1000,0),0) -> 760
A52: 51 | B52: 89 | C52: LTU | D52: SEDEKERSKIS Giedrius | E52: Giedrius SEDEKERSKIS | G52: Male | H52: V35 | I52: 8 | J52: 0.022834491 | K52: 0.0018194444 | L52: 0.050246528 | M52: 0.00049189815 | N52: 0.031461806 | O52: 0.10685648 | P52: +36:58.5 | Q52: =IFERROR(ROUND($O$2/O52*1000,0),0) -> 760
A53: 52 | B53: 37 | C53: LTU | D53: IMBRASAS Matas | E53: Matas IMBRASAS | G53: Male | H53: V20 | I53: 1 | J53: 0.022113426 | K53: 0.0018148148 | L53: 0.052487269 | M53: 0.0011550926 | N53: 0.029380787 | O53: 0.1069537 | P53: +37:06.9 | Q53: =IFERROR(ROUND($O$2/O53*1000,0),0) -> 759
A54: 53 | B54: 69 | C54: LTU | D54: NASKAUSKAS Kasparas | E54: Kasparas NASKAUSKAS | F54: Trakų Triatlono Būrelis | G54: Male | H54: V30 | I54: 14 | J54: 0.022997685 | K54: 0.0012731481 | L54: 0.05265162 | M54: 0.00091087963 | N54: 0.029171296 | O54: 0.10700694 | P54: +37:11.5 | Q54: =IFERROR(ROUND($O$2/O54*1000,0),0) -> 759
A55: 54 | B55: 34 | C55: LTU | D55: GRIŽAS Ronaldas | E55: Ronaldas GRIŽAS | F55: HiLTUS | G55: Male | H55: V30 | I55: 15 | J55: 0.022469907 | K55: 0.0021770833 | L55: 0.051390046 | M55: 0.00069675926 | N55: 0.031267361 | O55: 0.10800347 | P55: +38:37.6 | Q55: =IFERROR(ROUND($O$2/O55*1000,0),0) -> 752
A56: 55 | B56: 62 | C56: LTU | D56: MARMA Martynas | E56: Martynas MARMA | G56: Male | H56: V25 | I56: 10 | J56: 0.023002315 | K56: 0.0016377315 | L56: 0.049511574 | M56: 0.00059722222 | N56: 0.03362037 | O56: 0.10837037 | P56: +39:09.3 | Q56: =IFERROR(ROUND($O$2/O56*1000,0),0) -> 749
A57: 56 | B57: 25 | C57: LTU | D57: EIDUKAS Eugenijus | E57: Eugenijus EIDUKAS | F57: IKIGAI team | G57: Male | H57: V35 | I57: 9 | J57: 0.023326389 | K57: 0.0025775463 | L57: 0.047025463 | M57: 0.0011122685 | N57: 0.034378472 | O57: 0.10842361 | P57: +39:13.9 | Q57: =IFERROR(ROUND($O$2/O57*1000,0),0) -> 749
A58: 57 | B58: 58 | C58: LTU | D58: MACIULEVIČIUS Arūnas | E58: Arūnas MACIULEVIČIUS | F58: TRItonas | G58: Male | H58: V50 | I58: 3 | J58: 0.021413194 | K58: 0.0017407407 | L58: 0.052760417 | M58: 0.00064351852 | N58: 0.032377315 | O58: 0.1089375 | P58: +39:58.3 | Q58: =IFERROR(ROUND($O$2/O58*1000,0),0) -> 745
A59: 58 | B59: 68 | C59: LTU | D59: NACEVIČIUS Andrius | E59: Andrius NACEVIČIUS | G59: Male | H59: V35 | I59: 10 | J59: 0.024642361 | K59: 0.0016006944 | L59: 0.050189815 | M59: 0.00062037037 | N59: 0.031976852 | O59: 0.10903356 | P59: +40:06.6 | Q59: =IFERROR(ROUND($O$2/O59*1000,0),0) -> 745
A60: 59 | B60: 41 | C60: LTU | D60: JUKNYTĖ Gabija | E60: Gabija JUKNYTĖ | F60: HighPeaks Lietuva | G60: Female | H60: M25 | J60: 0.023844907 | K60: 0.0014282407 | L60: 0.05046875 | M60: 0.00042592593 | N60: 0.032940972 | O60: 0.10911111 | P60: +40:13.3 | Q60: =IFERROR(ROUND($O$2/O60*1000,0),0) -> 744
A61: 60 | B61: 9 | C61: LTU | D61: BAREIŠA Andrius | E61: Andrius BAREIŠA | G61: Male | H61: V30 | I61: 16 | J61: 0.021452546 | K61: 0.0016712963 | L61: 0.053055556 | M61: 0.00043287037 | N61: 0.03259838 | O61: 0.10921296 | P61: +40:22.1 | Q61: =IFERROR(ROUND($O$2/O61*1000,0),0) -> 743
A62: 61 | B62: 63 | C62: LTU | D62: MASILIAUSKAS Vaidas | E62: Vaidas MASILIAUSKAS | F62: Klaipėdos Triatlono Klubas | G62: Male | H62: V50 | I62: 4 | J62: 0.02193287 | K62: 0.0012337963 | L62: 0.050864583 | M62: 0.00074074074 | N62: 0.034457176 | O62: 0.10923148 | P62: +40:23.7 | Q62: =IFERROR(ROUND($O$2/O62*1000,0),0) -> 743
A63: 62 | B63: 5 | C63: LTU | D63: BAGDONAS Kasparas | E63: Kasparas BAGDONAS | F63: Klaipėdos Triatlono Klubas | G63: Male | H63: V40 | I63: 9 | J63: 0.025165509 | K63: 0.0019108796 | L63: 0.049138889 | M63: 0.00057986111 | N63: 0.032619213 | O63: 0.10941551 | P63: +40:39.6 | Q63: =IFERROR(ROUND($O$2/O63*1000,0),0) -> 742
A64: 63 | B64: 15 | C64: ITA | D64: CARBONI Maurizio | E64: Maurizio CARBONI | F64: Neko Runners | G64: Male | H64: V35 | I64: 11 | J64: 0.028268519 | K64: 0.0019085648 | L64: 0.050600694 | M64: 0.00098842593 | N64: 0.028215278 | O64: 0.10998495 | P64: +41:28.8 | Q64: =IFERROR(ROUND($O$2/O64*1000,0),0) -> 738
A65: 64 | B65: 20 | C65: LTU | D65: ČEPONIS Arminas | E65: Arminas ČEPONIS | F65: Team Ignite | G65: Male | H65: V20 | I65: 2 | J65: 0.019876157 | K65: 0.0016782407 | L65: 0.055959491 | M65: 0.00063888889 | N65: 0.033001157 | O65: 0.11115625 | P65: +43:10.0 | Q65: =IFERROR(ROUND($O$2/O65*1000,0),0) -> 730
A66: 65 | B66: 86 | C66: LTU | D66: SABALIAUSKIENE Domira | E66: Domira SABALIAUSKIENE | F66: Kauno Triatlono Klubas | G66: Female | H66: M35 | J66: 0.022716435 | K66: 0.0021493056 | L66: 0.052762731 | M66: 0.0012002315 | N66: 0.032373843 | O66: 0.11120486 | P66: +43:14.2 | Q66: =IFERROR(ROUND($O$2/O66*1000,0),0) -> 730
A67: 66 | B67: 21 | C67: LTU | D67: ČERNIUS Ernestas | E67: Ernestas ČERNIUS | F67: Coached by ChatGPT | G67: Male | H67: V40 | I67: 10 | J67: 0.021993056 | K67: 0.0018738426 | L67: 0.051811343 | M67: 0.00067476852 | N67: 0.034950231 | O67: 0.11130671 | P67: +43:23.0 | Q67: =IFERROR(ROUND($O$2/O67*1000,0),0) -> 729
A68: 67 | B68: 43 | C68: LTU | D68: KANIS Deividas | E68: Deividas KANIS | G68: Male | H68: V30 | I68: 17 | J68: 0.026469907 | K68: 0.0021875 | L68: 0.049979167 | M68: 0.0011377315 | N68: 0.031611111 | O68: 0.11138773 | P68: +43:30.0 | Q68: =IFERROR(ROUND($O$2/O68*1000,0),0) -> 729
A69: 68 | B69: 84 | C69: LTU | D69: RIMUTIS Martynas | E69: Martynas RIMUTIS | F69: HighPeaks Lietuva | G69: Male | H69: V35 | I69: 12 | J69: 0.023386574 | K69: 0.0016736111 | L69: 0.052346065 | M69: 0.00036111111 | N69: 0.034392361 | O69: 0.11216204 | P69: +44:36.9 | Q69: =IFERROR(ROUND($O$2/O69*1000,0),0) -> 724
A70: 69 | B70: 47 | C70: LTU | D70: KELIUOTIS Ramūnas | E70: Ramūnas KELIUOTIS | F70: HighPeaks Lietuva | G70: Male | H70: V50 | I70: 5 | J70: 0.023123843 | K70: 0.0017731481 | L70: 0.051384259 | M70: 0.00043634259 | N70: 0.035532407 | O70: 0.11225231 | P70: +44:44.7 | Q70: =IFERROR(ROUND($O$2/O70*1000,0),0) -> 723
A71: 70 | B71: 66 | C71: LTU | D71: MILIAUSKAITE Monika | E71: Monika MILIAUSKAITE | F71: BTT | G71: Female | H71: M35 | I71: 1 | J71: 0.021939815 | K71: 0.002244213 | L71: 0.052587963 | M71: 0.0010358796 | N71: 0.034520833 | O71: 0.11233102 | P71: +44:51.5 | Q71: =IFERROR(ROUND($O$2/O71*1000,0),0) -> 723
A72: 71 | B72: 106 | C72: LTU | D72: ŽUKAUSKAS Karolis | E72: Karolis ŽUKAUSKAS | G72: Male | H72: V25 | I72: 11 | J72: 0.024288194 | K72: 0.0022523148 | L72: 0.0484375 | M72: 0.0010509259 | N72: 0.036506944 | O72: 0.11253935 | P72: +45:09.5 | Q72: =IFERROR(ROUND($O$2/O72*1000,0),0) -> 721
A73: 72 | B73: 104 | C73: LTU | D73: ZAMBACEVIČIUS Raimundas | E73: Raimundas ZAMBACEVIČIUS | F73: Kauno BMK | G73: Male | H73: V60 | I73: 1 | J73: 0.025497685 | K73: 0.0020960648 | L73: 0.049555556 | M73: 0.0011770833 | N73: 0.034269676 | O73: 0.11259838 | P73: +45:14.6 | Q73: =IFERROR(ROUND($O$2/O73*1000,0),0) -> 721
A74: 73 | B74: 71 | C74: LTU | D74: NORKEVICIUS Antanas ('80) | E74: '80) NORKEVICIUS | F74: Kauno Triatlono Klubas | G74: Male | H74: V45 | I74: 7 | J74: 0.021259259 | K74: 0.0012430556 | L74: 0.051210648 | M74: 0.00049768519 | N74: 0.038475694 | O74: 0.11268866 | P74: +45:22.4 | Q74: =IFERROR(ROUND($O$2/O74*1000,0),0) -> 720
A75: 74 | B75: 18 | C75: LTU | D75: ČEBRUK Artūras | E75: Artūras ČEBRUK | G75: Male | H75: V30 | I75: 18 | J75: 0.023488426 | K75: 0.0018194444 | L75: 0.051664352 | M75: 0.00081597222 | N75: 0.035347222 | O75: 0.11313889 | P75: +46:01.3 | Q75: =IFERROR(ROUND($O$2/O75*1000,0),0) -> 718
A76: 75 | B76: 17 | C76: LTU | D76: CICĖNAS Rytis | E76: Rytis CICĖNAS | G76: Male | H76: V30 | I76: 19 | J76: 0.023554398 | K76: 0.0028194444 | L76: 0.051508102 | M76: 0.00071643519 | N76: 0.034738426 | O76: 0.11333796 | P76: +46:18.5 | Q76: =IFERROR(ROUND($O$2/O76*1000,0),0) -> 716
A77: 76 | B77: 81 | C77: LTU | D77: RADVILAVIČIUS Aurimas | E77: Aurimas RADVILAVIČIUS | G77: Male | H77: V55 | I77: 2 | J77: 0.022969907 | K77: 0.0025775463 | L77: 0.053961806 | M77: 0.0012314815 | N77: 0.032675926 | O77: 0.11341898 | P77: +46:25.5 | Q77: =IFERROR(ROUND($O$2/O77*1000,0),0) -> 716
A78: 77 | B78: 48 | C78: LTU | D78: KEMEŽYTĖ Dagnė | E78: Dagnė KEMEŽYTĖ | G78: Female | H78: M25 | I78: 1 | J78: 0.021766204 | K78: 0.0011226852 | L78: 0.053273148 | M78: 0.00061458333 | N78: 0.03712037 | O78: 0.11389815 | P78: +47:06.9 | Q78: =IFERROR(ROUND($O$2/O78*1000,0),0) -> 713
A79: 78 | B79: 22 | C79: LTU | D79: DAUNIENĖ Arūnė | E79: Arūnė DAUNIENĖ | F79: HighPeaks Lietuva | G79: Female | H79: M35 | I79: 2 | J79: 0.021582176 | K79: 0.0011134259 | L79: 0.053402778 | M79: 0.00031597222 | N79: 0.037877315 | O79: 0.11429514 | P79: +47:41.2 | Q79: =IFERROR(ROUND($O$2/O79*1000,0),0) -> 710
A80: 79 | B80: 73 | C80: LTU | D80: NORKUS Karolis | E80: Karolis NORKUS | G80: Male | H80: V40 | I80: 11 | J80: 0.023815972 | K80: 0.0020277778 | L80: 0.055189815 | M80: 0.00080787037 | N80: 0.03315625 | O80: 0.115 | P80: +48:42.1 | Q80: =IFERROR(ROUND($O$2/O80*1000,0),0) -> 706
A81: 80 | B81: 59 | C81: LTU | D81: MARCINKEVICIENE Gintare | E81: Gintare MARCINKEVICIENE | F81: zoomies | G81: Female | H81: M30 | I81: 1 | J81: 0.022085648 | K81: 0.00134375 | L81: 0.054287037 | M81: 0.00048611111 | N81: 0.03753125 | O81: 0.11573495 | P81: +49:45.6 | Q81: =IFERROR(ROUND($O$2/O81*1000,0),0) -> 701
A82: 81 | B82: 4 | C82: LTU | D82: AZIKEJEV Danas | E82: Danas AZIKEJEV | G82: Male | H82: V35 | I82: 13 | J82: 0.02184375 | K82: 0.0018506944 | L82: 0.053104167 | M82: 0.00052430556 | N82: 0.03841088 | O82: 0.11573611 | P82: +49:45.7 | Q82: =IFERROR(ROUND($O$2/O82*1000,0),0) -> 701
A83: 82 | B83: 11 | C83: LTU | D83: BAZIUKAS Jonas | E83: Jonas BAZIUKAS | F83: stimuliatorius | G83: Male | H83: V35 | I83: 14 | J83: 0.025689815 | K83: 0.0023113426 | L83: 0.052300926 | M83: 0.0010208333 | N83: 0.035033565 | O83: 0.11635995 | P83: +50:39.6 | Q83: =IFERROR(ROUND($O$2/O83*1000,0),0) -> 698
A84: 83 | B84: 99 | C84: LTU | D84: VARANAUSKAS Rimas | E84: Rimas VARANAUSKAS | F84: FREDA | G84: Male | H84: V40 | I84: 12 | J84: 0.023208333 | K84: 0.0021423611 | L84: 0.053913194 | M84: 0.0012430556 | N84: 0.036079861 | O84: 0.11659028 | P84: +50:59.5 | Q84: =IFERROR(ROUND($O$2/O84*1000,0),0) -> 696
A85: 84 | B85: 97 | C85: LTU | D85: ŠLIUŽAS Šarūnas | E85: Šarūnas ŠLIUŽAS | F85: BTT | G85: Male | H85: V45 | I85: 8 | J85: 0.022300926 | K85: 0.0014675926 | L85: 0.057365741 | M85: 0.00099884259 | N85: 0.034866898 | O85: 0.11700231 | P85: +51:35.1 | Q85: =IFERROR(ROUND($O$2/O85*1000,0),0) -> 694
A86: 85 | B86: 23 | C86: LTU | D86: DOVIAKOVSKIS Raimondas | E86: Raimondas DOVIAKOVSKIS | G86: Male | H86: V50 | I86: 6 | J86: 0.02205787 | K86: 0.0019768519 | L86: 0.052842593 | M86: 0.00090162037 | N86: 0.039520833 | O86: 0.11730208 | P86: +52:01.0 | Q86: =IFERROR(ROUND($O$2/O86*1000,0),0) -> 692
A87: 86 | B87: 40 | C87: LTU | D87: JANKAUSKAS Rolandas | E87: Rolandas JANKAUSKAS | G87: Male | H87: V40 | I87: 13 | J87: 0.023900463 | K87: 0.001349537 | L87: 0.05022338 | M87: 0.0004837963 | N87: 0.041700231 | O87: 0.11765972 | P87: +52:31.9 | Q87: =IFERROR(ROUND($O$2/O87*1000,0),0) -> 690
A88: 87 | B88: 46 | C88: LTU | D88: KEINYTĖ Jūratė | E88: Jūratė KEINYTĖ | F88: TRItonas | G88: Female | H88: M40 | I88: 1 | J88: 0.027405093 | K88: 0.0023981481 | L88: 0.047421296 | M88: 0.0010277778 | N88: 0.039990741 | O88: 0.11824537 | P88: +53:22.5 | Q88: =IFERROR(ROUND($O$2/O88*1000,0),0) -> 687
A89: 88 | B89: 101 | C89: LTU | D89: VIKSRAITIS Henrikas | E89: Henrikas VIKSRAITIS | F89: Sparta | G89: Male | H89: V30 | I89: 20 | J89: 0.027361111 | K89: 0.0020972222 | L89: 0.052680556 | M89: 0.0012175926 | N89: 0.035422454 | O89: 0.11878125 | P89: +54:08.8 | Q89: =IFERROR(ROUND($O$2/O89*1000,0),0) -> 683
A90: 89 | B90: 112 | C90: LTU | D90: STASIUKYNAS Jonas | E90: +9:51.6 | F90: BTT | G90: Male | H90: V50 | I90: 7 | J90: 0.022020833 | K90: 0.0016446759 | L90: 0.052296296 | M90: 0.0006087963 | N90: 0.042634259 | O90: 0.11920833 | P90: +54:45.7 | Q90: =IFERROR(ROUND($O$2/O90*1000,0),0) -> 681
A91: 90 | B91: 94 | C91: LTU | D91: SVENTICKAS Dalius | E91: Dalius SVENTICKAS | F91: HighPeaks Lietuva | G91: Male | H91: V35 | I91: 15 | J91: 0.022862269 | K91: 0.0018530093 | L91: 0.056935185 | M91: 0.00087268519 | N91: 0.036798611 | O91: 0.11932292 | P91: +54:55.6 | Q91: =IFERROR(ROUND($O$2/O91*1000,0),0) -> 680
A92: 91 | B92: 108 | C92: LTU | D92: MOCKAITIENĖ Simona | E92: Simona MOCKAITIENĖ | G92: Female | H92: M35 | I92: 3 | J92: 0.022689815 | K92: 0.0017175926 | L92: 0.053569444 | M92: 0.00072685185 | N92: 0.040679398 | O92: 0.11938542 | P92: +55:01.0 | Q92: =IFERROR(ROUND($O$2/O92*1000,0),0) -> 680
A93: 92 | B93: 74 | C93: LTU | D93: PAKŠTAITĖ - GRIKŠĖ Rūta | E93: Rūta PAKŠTAITĖ | G93: Female | H93: M30 | I93: 2 | J93: 0.025148148 | K93: 0.0017939815 | L93: 0.055123843 | M93: 0.00076157407 | N93: 0.038856481 | O93: 0.12168634 | P93: +58:19.8 | Q93: =IFERROR(ROUND($O$2/O93*1000,0),0) -> 667
A94: 93 | B94: 96 | C94: LTU | D94: ŠIMAITIS Mindaugas | E94: Mindaugas ŠIMAITIS | G94: Male | H94: V35 | I94: 16 | J94: 0.028641204 | K94: 0.0026585648 | L94: 0.053016204 | M94: 0.0007974537 | N94: 0.038163194 | O94: 0.12327778 | P94: +1:00:37.3 | Q94: =IFERROR(ROUND($O$2/O94*1000,0),0) -> 659
A95: 94 | B95: 19 | C95: LTU | D95: ČEPĖNAS Balys | E95: Balys ČEPĖNAS | G95: Male | H95: V25 | I95: 12 | J95: 0.025008102 | K95: 0.0022291667 | L95: 0.055403935 | M95: 0.00073842593 | N95: 0.040311343 | O95: 0.12369213 | P95: +1:01:13.1 | Q95: =IFERROR(ROUND($O$2/O95*1000,0),0) -> 656
A96: 95 | B96: 35 | C96: LTU | D96: GRUSLIENĖ Gabrielė | E96: Gabrielė GRUSLIENĖ | F96: TRItonas | G96: Female | H96: M40 | I96: 2 | J96: 0.023884259 | K96: 0.0024733796 | L96: 0.056055556 | M96: 0.0014537037 | N96: 0.045548611 | O96: 0.12941782 | P96: +1:09:27.8 | Q96: =IFERROR(ROUND($O$2/O96*1000,0),0) -> 627
A97: 96 | B97: 65 | C97: LTU | D97: MIKULIONIS Eivinas | E97: Eivinas MIKULIONIS | G97: Male | H97: V30 | I97: 21 | J97: 0.02525 | K97: 0.0019131944 | L97: 0.060658565 | M97: 0.00090856481 | N97: 0.041366898 | O97: 0.13009954 | P97: +1:10:26.7 | Q97: =IFERROR(ROUND($O$2/O97*1000,0),0) -> 624
A98: 97 | B98: 8 | C98: LTU | D98: BANEVIČIŪTĖ Giedrė | E98: Giedrė BANEVIČIŪTĖ | F98: HighPeaks Lietuva | G98: Female | H98: M30 | I98: 3 | J98: 0.023521991 | K98: 0.0022106481 | L98: 0.065896991 | M98: 0.00066550926 | N98: 0.044289352 | O98: 0.13658796 | P98: +1:19:47.3 | Q98: =IFERROR(ROUND($O$2/O98*1000,0),0) -> 594
A99: 98 | B99: 77 | C99: LTU | D99: PETRUŠEVIČIENĖ Laura | E99: Laura PETRUŠEVIČIENĖ | F99: BTT | G99: Female | H99: M50 | I99: 1 | J99: 0.02927662 | K99: 0.0023703704 | L99: 0.061283565 | M99: 0.00093634259 | N99: 0.043353009 | O99: 0.13722222 | P99: +1:20:42.1 | Q99: =IFERROR(ROUND($O$2/O99*1000,0),0) -> 592
A100: 99 | B100: 36 | C100: LTU | D100: GUDAITIENĖ Jolanta | E100: Jolanta GUDAITIENĖ | F100: HighPeaks Lietuva | G100: Female | H100: M30 | I100: 4 | J100: 0.032078704 | K100: 0.0029027778 | L100: 0.060603009 | M100: 0.0010462963 | N100: 0.040946759 | O100: 0.13757986 | P100: +1:21:13.0 | Q100: =IFERROR(ROUND($O$2/O100*1000,0),0) -> 590
...

Sheet Gdanskas
A2: Clovis | B2: Beurrier | C2: Clovis Beurrier | D2: FRA | E2: M | F2: 1 | G2: M30 | H2: -34 | I2: 1 | J2: 0.020416667 | K2: 0.001712963 | L2: 0.087326389 | M2: 0.0018287037 | N2: 0.053912037 | O2: 0.16521991 | P2: =IFERROR(ROUND($O$2/O2*1100,0),0) -> 1100
A3: Airidas | B3: Gražinskis | C3: Airidas Gražinskis | D3: LTU | E3: M | F3: 18 | G3: M35 | H3: -39 | I3: 4 | J3: 0.021655093 | K3: 0.0018402778 | L3: 0.095648148 | M3: 0.0021990741 | N3: 0.060543981 | O3: 0.18190972 | P3: =IFERROR(ROUND($O$2/O3*1100,0),0) -> 999
A4: Aleksej | B4: Kaminskij | C4: Aleksej Kaminskij | D4: LTU | E4: M | F4: 39 | G4: M40 | H4: -44 | I4: 10 | J4: 0.022210648 | K4: 0.0026388889 | L4: 0.096585648 | M4: 0.0024884259 | N4: 0.067013889 | O4: 0.19096065 | P4: =IFERROR(ROUND($O$2/O4*1100,0),0) -> 952
A5: Lukas | B5: Matulaitis | C5: Lukas Matulaitis | D5: LTU | E5: M | F5: 41 | G5: M35 | H5: -39 | I5: 9 | J5: 0.021296296 | K5: 0.0021064815 | L5: 0.097997685 | M5: 0.002025463 | N5: 0.067951389 | O5: 0.19138889 | P5: =IFERROR(ROUND($O$2/O5*1100,0),0) -> 950
A6: Mantas | B6: Marcinkevičius | C6: Mantas Marcinkevičius | D6: LTU | E6: M | F6: 62 | G6: M40 | H6: -44 | I6: 20 | J6: 0.023321759 | K6: 0.0019791667 | L6: 0.10020833 | M6: 0.0020833333 | N6: 0.069594907 | O6: 0.19719907 | P6: =IFERROR(ROUND($O$2/O6*1100,0),0) -> 922
A7: Mantas | B7: Kukenys | C7: Mantas Kukenys | D7: LTU | E7: M | F7: 64 | G7: M40 | H7: -44 | I7: 21 | J7: 0.025231481 | K7: 0.0030671296 | L7: 0.099652778 | M7: 0.0024768519 | N7: 0.06712963 | O7: 0.19758102 | P7: =IFERROR(ROUND($O$2/O7*1100,0),0) -> 920
A8: Rūta | B8: Juškevičiūtė | C8: Rūta Juškevičiūtė | D8: LTU | E8: K | F8: 5 | G8: F30- | H8: 34 | I8: 2 | J8: 0.026018519 | K8: 0.003125 | L8: 0.10369213 | M8: 0.002025463 | N8: 0.065844907 | O8: 0.20072917 | P8: =IFERROR(ROUND($O$2/O8*1100,0),0) -> 905
A9: Vaidas | B9: Velutis | C9: Vaidas Velutis | D9: LTU | E9: M | F9: 91 | G9: M40 | H9: -44 | I9: 25 | J9: 0.023645833 | K9: 0.0027546296 | L9: 0.10233796 | M9: 0.0036921296 | N9: 0.073449074 | O9: 0.2058912 | P9: =IFERROR(ROUND($O$2/O9*1100,0),0) -> 883
A10: Darius | B10: Borisas | C10: Darius Borisas | D10: LTU | E10: M | F10: 104 | G10: M35 | H10: -39 | I10: 24 | J10: 0.028275463 | K10: 0.0025231481 | L10: 0.10241898 | M10: 0.0021759259 | N10: 0.07275463 | O10: 0.20818287 | P10: =IFERROR(ROUND($O$2/O10*1100,0),0) -> 873
A11: Saulius | B11: Kerza | C11: Saulius Kerza | D11: LTU | E11: M | F11: 152 | G11: M50 | H11: -54 | I11: 13 | J11: 0.021805556 | K11: 0.0029861111 | L11: 0.10511574 | M11: 0.002349537 | N11: 0.087060185 | O11: 0.21934028 | P11: =IFERROR(ROUND($O$2/O11*1100,0),0) -> 829
A12: Irmantas | B12: Budrys | C12: Irmantas Budrys | D12: LTU | E12: M | F12: 201 | G12: M35 | H12: -39 | I12: 46 | J12: 0.024571759 | K12: 0.0031134259 | L12: 0.11449074 | M12: 0.0045601852 | N12: 0.083391204 | O12: 0.23016204 | P12: =IFERROR(ROUND($O$2/O12*1100,0),0) -> 790
A13: Arūnas | B13: Maciulevičius | C13: Arūnas Maciulevičius | D13: LTU | E13: M | F13: 204 | G13: M50 | H13: -54 | I13: 24 | J13: 0.026446759 | K13: 0.0030208333 | L13: 0.11474537 | M13: 0.0029976852 | N13: 0.084027778 | O13: 0.23126157 | P13: =IFERROR(ROUND($O$2/O13*1100,0),0) -> 786
